ds,trend,yhat_lower,yhat_upper,trend_lower,trend_upper,additive_terms,additive_terms_lower,additive_terms_upper,weekly,weekly_lower,weekly_upper,yearly,yearly_lower,yearly_upper,multiplicative_terms,multiplicative_terms_lower,multiplicative_terms_upper,yhat
2017-02-10,61.297569719496764,22.17687905450255,61.4759338169484,61.297569719496764,61.297569719496764,-20.29447251878412,-20.29447251878412,-20.29447251878412,-11.313900595663105,-11.313900595663105,-11.313900595663105,-8.980571923121017,-8.980571923121017,-8.980571923121017,0.0,0.0,0.0,41.003097200712645
2017-04-12,62.73276082184383,45.49082516823983,85.78247279777507,62.73276082184383,62.73276082184383,4.601412483219286,4.601412483219286,4.601412483219286,-3.5758755220905267,-3.5758755220905267,-3.5758755220905267,8.177288005309812,8.177288005309812,8.177288005309812,0.0,0.0,0.0,67.33417330506312
2017-06-11,64.1444242012016,50.07172436355282,91.98252565229946,64.1444242012016,64.1444242012016,6.237157640460267,6.237157640460267,6.237157640460267,-3.6076269897607554,-3.6076269897607554,-3.6076269897607554,9.844784630221023,9.844784630221023,9.844784630221023,0.0,0.0,0.0,70.38158184166187
2017-09-10,66.28544699322757,32.62660672803574,73.8733308107616,66.28544699322757,66.28544699322757,-13.408743086454358,-13.408743086454358,-13.408743086454358,-3.607626989757458,-3.607626989757458,-3.607626989757458,-9.801116096696898,-9.801116096696898,-9.801116096696898,0.0,0.0,0.0,52.87670390677321
2017-09-18,66.47366877714192,32.98692258756051,73.20906900699366,66.47366877714192,66.47366877714192,-12.381624576452447,-12.381624576452447,-12.381624576452447,-1.9660445812190535,-1.9660445812190535,-1.9660445812190535,-10.415579995233394,-10.415579995233394,-10.415579995233394,0.0,0.0,0.0,54.09204420068948
2017-09-25,66.63836283924093,34.346302939098116,74.55092071663562,66.63836283924093,66.63836283924093,-11.569856582006913,-11.569856582006913,-11.569856582006913,-1.9660445812224188,-1.9660445812224188,-1.9660445812224188,-9.603812000784494,-9.603812000784494,-9.603812000784494,0.0,0.0,0.0,55.06850625723401
2017-10-16,67.1324450255379,34.42376298500455,74.57335223698786,67.1324450255379,67.1324450255379,-12.473351271556941,-12.473351271556941,-12.473351271556941,-1.9660445812039775,-1.9660445812039775,-1.9660445812039775,-10.507306690352964,-10.507306690352964,-10.507306690352964,0.0,0.0,0.0,54.65909375398096
2017-10-23,67.2971390876369,31.499445742773265,70.82160524402384,67.2971390876369,67.2971390876369,-15.705741062530135,-15.705741062530135,-15.705741062530135,-1.9660445812073433,-1.9660445812073433,-1.9660445812073433,-13.739696481322794,-13.739696481322794,-13.739696481322794,0.0,0.0,0.0,51.591398025106756
2017-10-30,67.46183314973588,31.329998392862834,70.79245969853223,67.46183314973588,67.46183314973588,-17.623351668160385,-17.623351668160385,-17.623351668160385,-1.9660445812569167,-1.9660445812569167,-1.9660445812569167,-15.65730708690347,-15.65730708690347,-15.65730708690347,0.0,0.0,0.0,49.8384814815755
2017-11-12,67.76769355123884,33.04252232215927,72.26819126918181,67.76769355123884,67.76769355123884,-13.6630807218997,-13.6630807218997,-13.6630807218997,-3.607626989779234,-3.607626989779234,-3.607626989779234,-10.055453732120464,-10.055453732120464,-10.055453732120464,0.0,0.0,0.0,54.10461282933913
2017-11-13,67.79122127443138,36.419950491609605,76.13194776280581,67.79122127443138,67.79122127443138,-11.425147890758979,-11.425147890758979,-11.425147890758979,-1.9660445812120062,-1.9660445812120062,-1.9660445812120062,-9.459103309546974,-9.459103309546974,-9.459103309546974,0.0,0.0,0.0,56.3660733836724
2017-11-20,67.95591533677913,38.67512804062627,78.1428264422028,67.95591533677913,67.95591533677913,-9.423007475490104,-9.423007475490104,-9.423007475490104,-1.9660445812901173,-1.9660445812901173,-1.9660445812901173,-7.456962894199988,-7.456962894199988,-7.456962894199988,0.0,0.0,0.0,58.532907861289026
2017-11-27,68.12060939912686,35.02602201793531,75.30823826215338,68.12060939912686,68.12060939912686,-12.74936921760573,-12.74936921760573,-12.74936921760573,-1.9660445812418421,-1.9660445812418421,-1.9660445812418421,-10.783324636363886,-10.783324636363886,-10.783324636363886,0.0,0.0,0.0,55.37124018152113
2017-12-18,68.61469158051294,33.281249058508294,73.44922474310367,68.61469158051294,68.61469158051294,-16.277447576514724,-16.277447576514724,-16.277447576514724,-1.9660445812234013,-1.9660445812234013,-1.9660445812234013,-14.311402995291322,-14.311402995291322,-14.311402995291322,0.0,0.0,0.0,52.337244003998215
2017-12-25,68.77938564097497,39.799475675766814,80.32372376197607,68.77938564097497,68.77938564097497,-8.824444052411884,-8.824444052411884,-8.824444052411884,-1.9660445812267666,-1.9660445812267666,-1.9660445812267666,-6.858399471185118,-6.858399471185118,-6.858399471185118,0.0,0.0,0.0,59.95494158856308
2018-01-01,68.94407970143698,44.368697317465546,84.6923387984685,68.94407970143698,68.94407970143698,-4.413598776271538,-4.413598776271538,-4.413598776271538,-1.9660445811784906,-1.9660445811784906,-1.9660445811784906,-2.4475541950930473,-2.4475541950930473,-2.4475541950930473,0.0,0.0,0.0,64.53048092516543
2018-01-10,69.15582921195686,41.58294927756815,82.57534144083178,69.15582921195686,69.15582921195686,-7.254038842750451,-7.254038842750451,-7.254038842750451,-3.5758755220938507,-3.5758755220938507,-3.5758755220938507,-3.678163320656601,-3.678163320656601,-3.678163320656601,0.0,0.0,0.0,61.9017903692064
2018-01-15,69.27346782891235,41.57805369800981,81.63148249710119,69.27346782891235,69.27346782891235,-7.263705295438546,-7.263705295438546,-7.263705295438546,-1.966044581208325,-1.966044581208325,-1.966044581208325,-5.297660714230222,-5.297660714230222,-5.297660714230222,0.0,0.0,0.0,62.0097625334738
2018-01-22,69.43816189265003,40.87796089039672,81.88725431660035,69.43816189265003,69.43816189265003,-8.04564877905801,-8.04564877905801,-8.04564877905801,-1.9660445812116907,-1.9660445812116907,-1.9660445812116907,-6.079604197846319,-6.079604197846319,-6.079604197846319,0.0,0.0,0.0,61.39251311359202
2018-01-29,69.60285595638771,41.585214251632415,80.94006662719683,69.60285595638771,69.60285595638771,-8.102400168901841,-8.102400168901841,-8.102400168901841,-1.9660445812381602,-1.9660445812381602,-1.9660445812381602,-6.136355587663681,-6.136355587663681,-6.136355587663681,0.0,0.0,0.0,61.500455787485876
2018-03-09,70.52043718104237,69.54194234576414,110.71696191054842,70.52043718104237,70.52043718104237,19.756947528398797,19.756947528398797,19.756947528398797,-11.313900595691322,-11.313900595691322,-11.313900595691322,31.07084812409012,31.07084812409012,31.07084812409012,0.0,0.0,0.0,90.27738470944117
2018-03-12,70.59102035216965,79.7388838257594,121.12769970803197,70.59102035216965,70.59102035216965,30.165485093557457,30.165485093557457,30.165485093557457,-1.9660445812012797,-1.9660445812012797,-1.9660445812012797,32.13152967475874,32.13152967475874,32.13152967475874,0.0,0.0,0.0,100.7565054457271
2018-05-11,72.0026837747153,51.99738394389109,93.87074974541963,72.0026837747153,72.0026837747153,0.9984337772621829,0.9984337772621829,0.9984337772621829,-11.313900595716197,-11.313900595716197,-11.313900595716197,12.312334372978379,12.312334372978379,12.312334372978379,0.0,0.0,0.0,73.00111755197747
2018-08-01,73.93195711886098,49.84155745219658,89.79998771744108,73.93195711886098,73.93195711886098,-4.305673347742865,-4.305673347742865,-4.305673347742865,-3.575875522064679,-3.575875522064679,-3.575875522064679,-0.7297978256781867,-0.7297978256781867,-0.7297978256781867,0.0,0.0,0.0,69.62628377111811
2018-08-10,74.14370663420434,58.104510983214865,98.95227994139329,74.14370663420434,74.14370663420434,5.114103303199674,5.114103303199674,5.114103303199674,-11.313900595637218,-11.313900595637218,-11.313900595637218,16.42800389883689,16.42800389883689,16.42800389883689,0.0,0.0,0.0,79.257809937404
2018-09-17,75.03776014343187,42.48049939840592,82.04344137274249,75.03776014343187,75.03776014343187,-12.455005291934462,-12.455005291934462,-12.455005291934462,-1.9660445812133396,-1.9660445812133396,-1.9660445812133396,-10.488960710721122,-10.488960710721122,-10.488960710721122,0.0,0.0,0.0,62.582754851497405
2018-09-24,75.20245421092115,43.08647499988718,82.58258950095254,75.20245421092115,75.20245421092115,-11.738830629991776,-11.738830629991776,-11.738830629991776,-1.966044581239809,-1.966044581239809,-1.966044581239809,-9.772786048751964,-9.772786048751964,-9.772786048751964,0.0,0.0,0.0,63.46362358092937
2018-10-09,75.55537006982674,62.212913821063275,103.32159277819682,75.55537006982674,75.55537006982674,6.664303088708967,6.664303088708967,6.664303088708967,15.336634390268792,15.336634390268792,15.336634390268792,-8.672331301559826,-8.672331301559826,-8.672331301559826,0.0,0.0,0.0,82.2196731585357
2018-10-12,75.62595324124057,34.378288072683056,75.89281953139019,75.62595324124057,75.62595324124057,-20.470996581286695,-20.470996581286695,-20.470996581286695,-11.313900595681156,-11.313900595681156,-11.313900595681156,-9.15709598560554,-9.15709598560554,-9.15709598560554,0.0,0.0,0.0,55.15495665995387
2018-10-15,75.69653641265441,42.8484828924146,82.93894030354629,75.69653641265441,75.69653641265441,-11.999852598089735,-11.999852598089735,-11.999852598089735,-1.9660445812730099,-1.9660445812730099,-1.9660445812730099,-10.033808016816725,-10.033808016816725,-10.033808016816725,0.0,0.0,0.0,63.69668381456468
2018-10-22,75.86123047928668,40.18801206532697,79.36923824769896,75.86123047928668,75.86123047928668,-15.125745232838026,-15.125745232838026,-15.125745232838026,-1.9660445812247331,-1.9660445812247331,-1.9660445812247331,-13.159700651613296,-13.159700651613296,-13.159700651613296,0.0,0.0,0.0,60.73548524644865
2018-10-29,76.02592454591895,38.20520475550158,77.65451567895889,76.02592454591895,76.02592454591895,-17.523175479231128,-17.523175479231128,-17.523175479231128,-1.9660445812280996,-1.9660445812280996,-1.9660445812280996,-15.55713089800303,-15.55713089800303,-15.55713089800303,0.0,0.0,0.0,58.50274906668783
2018-11-19,76.52000674808352,47.52612348318592,87.91291776057041,76.52000674808352,76.52000674808352,-9.40938214747557,-9.40938214747557,-9.40938214747557,-1.9660445812096576,-1.9660445812096576,-1.9660445812096576,-7.443337566265914,-7.443337566265914,-7.443337566265914,0.0,0.0,0.0,67.11062460060795
2018-11-26,76.68470081547171,44.07121679010596,85.63353572294946,76.68470081547171,76.68470081547171,-11.811455350160248,-11.811455350160248,-11.811455350160248,-1.9660445811613818,-1.9660445811613818,-1.9660445811613818,-9.845410768998866,-9.845410768998866,-9.845410768998866,0.0,0.0,0.0,64.87324546531147
2018-12-11,77.03761667416069,53.87102295084533,93.5049091545079,77.03761667416069,77.03761667416069,-3.4816381836497974,-3.4816381836497974,-3.4816381836497974,15.336634390262917,15.336634390262917,15.336634390262917,-18.818272573912715,-18.818272573912715,-18.818272573912715,0.0,0.0,0.0,73.5559784905109
2018-12-17,77.17878301763628,40.43307266661886,80.11478543857274,77.17878301763628,77.17878301763628,-17.471027664149627,-17.471027664149627,-17.471027664149627,-1.966044581217687,-1.966044581217687,-1.966044581217687,-15.50498308293194,-15.50498308293194,-15.50498308293194,0.0,0.0,0.0,59.70775535348665
2018-12-24,77.34347708735137,45.86542774008878,87.18793678906299,77.34347708735137,77.34347708735137,-10.082096790863101,-10.082096790863101,-10.082096790863101,-1.9660445812441565,-1.9660445812441565,-1.9660445812441565,-8.116052209618944,-8.116052209618944,-8.116052209618944,0.0,0.0,0.0,67.26138029648827
2018-12-31,77.50817115706647,52.313266331799255,91.95952157664703,77.50817115706647,77.50817115706647,-4.80894090283021,-4.80894090283021,-4.80894090283021,-1.966044581247522,-1.966044581247522,-1.966044581247522,-2.8428963215826877,-2.8428963215826877,-2.8428963215826877,0.0,0.0,0.0,72.69923025423626
2019-01-14,77.83755929649668,50.210014449765104,90.23407931984146,77.83755929649668,77.83755929649668,-6.916686873843185,-6.916686873843185,-6.916686873843185,-1.966044581254253,-1.966044581254253,-1.966044581254253,-4.950642292588933,-4.950642292588933,-4.950642292588933,0.0,0.0,0.0,70.92087242265349
2019-01-21,78.00225337100807,50.30984290206962,91.0218206221388,78.00225337100807,78.00225337100807,-8.033918054892236,-8.033918054892236,-8.033918054892236,-1.9660445812290805,-1.9660445812290805,-1.9660445812290805,-6.067873473663155,-6.067873473663155,-6.067873473663155,0.0,0.0,0.0,69.96833531611583
2019-01-28,78.16694744551947,50.62351484962068,90.20898273395463,78.16694744551947,78.16694744551947,-8.018481514363593,-8.018481514363593,-8.018481514363593,-1.9660445812324467,-1.9660445812324467,-1.9660445812324467,-6.052436933131146,-6.052436933131146,-6.052436933131146,0.0,0.0,0.0,70.14846593115587
2019-02-09,78.44928014468186,60.88471804683175,99.90129488449698,78.44928014468186,78.44928014468186,2.647307037670309,2.647307037670309,2.647307037670309,11.40629913498348,11.40629913498348,11.40629913498348,-8.758992097313168,-8.758992097313168,-8.758992097313168,0.0,0.0,0.0,81.09658718235218
2019-02-12,78.51986331947245,65.081300565186,105.95677120032516,78.51986331947245,78.51986331947245,6.35114908119947,6.35114908119947,6.35114908119947,15.336634390224788,15.336634390224788,15.336634390224788,-8.98548530902532,-8.98548530902532,-8.98548530902532,0.0,0.0,0.0,84.87101240067192
2019-04-11,79.88447135471736,59.38472579654427,100.14298530600168,79.88447135471736,79.88447135471736,-0.3035613120578653,-0.3035613120578653,-0.3035613120578653,-6.27948583647405,-6.27948583647405,-6.27948583647405,5.975924524416184,5.975924524416184,5.975924524416184,0.0,0.0,0.0,79.5809100426595
2019-04-15,79.97858225369976,69.61177673960188,110.5480305621178,79.97858225369976,79.97858225369976,9.938192120172674,9.938192120172674,9.938192120172674,-1.9660445812586007,-1.9660445812586007,-1.9660445812586007,11.904236701431275,11.904236701431275,11.904236701431275,0.0,0.0,0.0,89.91677437387243
2019-07-01,81.79021705911111,56.822421828963385,96.93803793731179,81.79021705911111,81.79021705911111,-4.955061218470884,-4.955061218470884,-4.955061218470884,-1.966044581210008,-1.966044581210008,-1.966044581210008,-2.989016637260876,-2.989016637260876,-2.989016637260876,0.0,0.0,0.0,76.83515584064023
2019-07-10,82.00196658182153,43.09281433356813,84.25026557976682,82.00196658182153,82.00196658182153,-18.32003873181137,-18.32003873181137,-18.32003873181137,-3.5758755221004996,-3.5758755221004996,-3.5758755221004996,-14.74416320971087,-14.74416320971087,-14.74416320971087,0.0,0.0,0.0,63.68192785001017
2019-08-04,82.59015971095408,65.23641884196225,105.10011753107172,82.59015971095408,82.59015971095408,2.1018690083441074,2.1018690083441074,2.1018690083441074,-3.607626989748856,-3.607626989748856,-3.607626989748856,5.709495998092963,5.709495998092963,5.709495998092963,0.0,0.0,0.0,84.6920287192982
2019-09-09,83.43715781690497,51.23733384395735,92.2625492053919,83.43715781690497,83.43715781690497,-11.2177296524841,-11.2177296524841,-11.2177296524841,-1.9660445812327958,-1.9660445812327958,-1.9660445812327958,-9.251685071251305,-9.251685071251305,-9.251685071251305,0.0,0.0,0.0,72.21942816442088
2019-09-12,83.50774099240087,47.072596829185535,84.88037920522288,83.50774099240087,83.50774099240087,-16.454232088078047,-16.454232088078047,-16.454232088078047,-6.279485836463668,-6.279485836463668,-6.279485836463668,-10.174746251614378,-10.174746251614378,-10.174746251614378,0.0,0.0,0.0,67.05350890432283
2019-09-16,83.60185189306208,52.89454312368597,90.82323159217674,83.60185189306208,83.60185189306208,-12.485217080032461,-12.485217080032461,-12.485217080032461,-1.9660445812076253,-1.9660445812076253,-1.9660445812076253,-10.519172498824835,-10.519172498824835,-10.519172498824835,0.0,0.0,0.0,71.11663481302962
2019-09-23,83.76654596870733,51.588412717132655,93.68492982676938,83.76654596870733,83.76654596870733,-11.902939687820275,-11.902939687820275,-11.902939687820275,-1.966044581210991,-1.966044581210991,-1.966044581210991,-9.936895106609285,-9.936895106609285,-9.936895106609285,0.0,0.0,0.0,71.86360628088705
2019-09-30,83.93124004435256,52.18033863306098,92.55213166735061,83.93124004435256,83.93124004435256,-10.976344110642422,-10.976344110642422,-10.976344110642422,-1.9660445812143557,-1.9660445812143557,-1.9660445812143557,-9.010299529428066,-9.010299529428066,-9.010299529428066,0.0,0.0,0.0,72.95489593371013
2019-10-14,84.26062819564305,53.270512588997235,92.3739237963129,84.26062819564305,84.26062819564305,-11.58766203232464,-11.58766203232464,-11.58766203232464,-1.9660445811925493,-1.9660445811925493,-1.9660445811925493,-9.62161745113209,-9.62161745113209,-9.62161745113209,0.0,0.0,0.0,72.6729661633184
2019-10-21,84.4253222712883,49.279895657463896,89.93609128578512,84.4253222712883,84.4253222712883,-14.524495719180909,-14.524495719180909,-14.524495719180909,-1.9660445812706615,-1.9660445812706615,-1.9660445812706615,-12.558451137910247,-12.558451137910247,-12.558451137910247,0.0,0.0,0.0,69.90082655210739
2019-10-28,84.59001634999467,46.50018736809839,87.88601679146872,84.59001634999467,84.59001634999467,-17.29947785663206,-17.29947785663206,-17.29947785663206,-1.9660445812454892,-1.9660445812454892,-1.9660445812454892,-15.333433275386568,-15.333433275386568,-15.333433275386568,0.0,0.0,0.0,67.29053849336262
2019-11-11,84.9194045074074,50.788987756888936,92.76656718656416,84.9194045074074,84.9194045074074,-12.974736535452369,-12.974736535452369,-12.974736535452369,-1.9660445812522194,-1.9660445812522194,-1.9660445812522194,-11.008691954200149,-11.008691954200149,-11.008691954200149,0.0,0.0,0.0,71.94466797195504
2019-11-18,85.08409858611377,57.695134357512856,96.14222945220378,85.08409858611377,85.08409858611377,-9.57720496422967,-9.57720496422967,-9.57720496422967,-1.9660445812555851,-1.9660445812555851,-1.9660445812555851,-7.611160382974084,-7.611160382974084,-7.611160382974084,0.0,0.0,0.0,75.5068936218841
2019-11-25,85.24879266482013,54.726545341458355,93.93162975453701,85.24879266482013,85.24879266482013,-10.996535458074963,-10.996535458074963,-10.996535458074963,-1.9660445812304144,-1.9660445812304144,-1.9660445812304144,-9.030490876844548,-9.030490876844548,-9.030490876844548,0.0,0.0,0.0,74.25225720674517
2019-12-16,85.7428749251588,45.845511732441935,87.2679125731597,85.7428749251588,85.7428749251588,-18.525988376401475,-18.525988376401475,-18.525988376401475,-1.9660445812119725,-1.9660445812119725,-1.9660445812119725,-16.559943795189504,-16.559943795189504,-16.559943795189504,0.0,0.0,0.0,67.21688654875733
2019-12-23,85.90756901193836,53.57533345288732,93.1305390780197,85.90756901193836,85.90756901193836,-11.417245650605587,-11.417245650605587,-11.417245650605587,-1.9660445812153384,-1.9660445812153384,-1.9660445812153384,-9.45120106939025,-9.45120106939025,-9.45120106939025,0.0,0.0,0.0,74.49032336133277
2019-12-30,86.07226309871794,60.32949893904793,101.82957563794608,86.07226309871794,86.07226309871794,-5.383285345558216,-5.383285345558216,-5.383285345558216,-1.9660445812418075,-1.9660445812418075,-1.9660445812418075,-3.4172407643164076,-3.4172407643164076,-3.4172407643164076,0.0,0.0,0.0,80.68897775315972
2020-01-06,86.23695812109395,61.593433386434725,102.8296580329217,86.23695812109395,86.23695812109395,-4.336330488618259,-4.336330488618259,-4.336330488618259,-1.966044581245174,-1.966044581245174,-1.966044581245174,-2.370285907373086,-2.370285907373086,-2.370285907373086,0.0,0.0,0.0,81.90062763247569
2020-01-13,86.40165314346996,59.28767163731833,99.22964863331936,86.40165314346996,86.40165314346996,-6.519385781613786,-6.519385781613786,-6.519385781613786,-1.9660445811968972,-1.9660445811968972,-1.9660445811968972,-4.55334120041689,-4.55334120041689,-4.55334120041689,0.0,0.0,0.0,79.88226736185617
2020-01-20,86.56634816584598,59.41325452279568,98.64492087744934,86.56634816584598,86.56634816584598,-7.978091936107173,-7.978091936107173,-7.978091936107173,-1.9660445812519043,-1.9660445812519043,-1.9660445812519043,-6.012047354855269,-6.012047354855269,-6.012047354855269,0.0,0.0,0.0,78.5882562297388
2020-01-27,86.731043188222,59.34929028397697,101.58454559488938,86.731043188222,86.731043188222,-7.985591470869265,-7.985591470869265,-7.985591470869265,-1.9660445812036276,-1.9660445812036276,-1.9660445812036276,-6.019546889665638,-6.019546889665638,-6.019546889665638,0.0,0.0,0.0,78.74545171735274
2020-02-03,86.89573821099852,59.32120607628403,98.65965602384519,86.89573821099852,86.89573821099852,-8.925813023697147,-8.925813023697147,-8.925813023697147,-1.9660445812532024,-1.9660445812532024,-1.9660445812532024,-6.959768442443946,-6.959768442443946,-6.959768442443946,0.0,0.0,0.0,77.96992518730137
2020-02-11,87.08396109417166,73.21417014664951,113.93816077513381,87.08396109417166,87.08396109417166,6.3383155868086885,6.3383155868086885,6.3383155868086885,15.336634390248749,15.336634390248749,15.336634390248749,-8.998318803440059,-8.998318803440059,-8.998318803440059,0.0,0.0,0.0,93.42227668098035
2020-03-16,87.88390834765754,94.07404971333362,134.44342234360664,87.88390834765754,87.88390834765754,26.48498207589508,26.48498207589508,26.48498207589508,-1.9660445812679619,-1.9660445812679619,-1.9660445812679619,28.45102665716304,28.45102665716304,28.45102665716304,0.0,0.0,0.0,114.36889042355261
2020-03-23,88.04860337043405,79.82549238404873,121.6585577991302,88.04860337043405,88.04860337043405,12.399208363130182,12.399208363130182,12.399208363130182,-1.9660445812196863,-1.9660445812196863,-1.9660445812196863,14.365252944349868,14.365252944349868,14.365252944349868,0.0,0.0,0.0,100.44781173356424
2020-04-05,88.35446557615253,66.37133535454703,105.1829346479162,88.35446557615253,88.35446557615253,-3.1917891490007233,-3.1917891490007233,-3.1917891490007233,-3.6076269897757594,-3.6076269897757594,-3.6076269897757594,0.4158378407750364,0.4158378407750364,0.4158378407750364,0.0,0.0,0.0,85.16267642715181
2020-04-13,88.54268847197929,76.8263688681326,117.38375475803967,88.54268847197929,88.54268847197929,8.091176409392299,8.091176409392299,8.091176409392299,-1.9660445811781397,-1.9660445811781397,-1.9660445811781397,10.057220990570439,10.057220990570439,10.057220990570439,0.0,0.0,0.0,96.6338648813716
2020-04-20,88.70738350582769,85.31001979955377,124.86204077564962,88.70738350582769,88.70738350582769,16.370083583375603,16.370083583375603,16.370083583375603,-1.966044581181506,-1.966044581181506,-1.966044581181506,18.33612816455711,18.33612816455711,18.33612816455711,0.0,0.0,0.0,105.0774670892033
2020-04-27,88.8720785396761,84.99134466060875,126.80477053249503,88.8720785396761,88.8720785396761,16.815783799180192,16.815783799180192,16.815783799180192,-1.966044581231081,-1.966044581231081,-1.966044581231081,18.781828380411273,18.781828380411273,18.781828380411273,0.0,0.0,0.0,105.68786233885629
2020-05-10,89.17794140326525,76.93095038816705,117.54505188468937,89.17794140326525,89.17794140326525,8.675091695686932,8.675091695686932,8.675091695686932,-3.6076269897536255,-3.6076269897536255,-3.6076269897536255,12.282718685440557,12.282718685440557,12.282718685440557,0.0,0.0,0.0,97.85303309895218
2020-05-18,89.36616470393548,82.88477862730994,122.65264999080833,89.36616470393548,89.36616470393548,13.852399869823223,13.852399869823223,13.852399869823223,-1.966044581287385,-1.966044581287385,-1.966044581287385,15.818444451110608,15.818444451110608,15.818444451110608,0.0,0.0,0.0,103.2185645737587
2020-05-25,89.53086009202192,86.64056053307893,126.40532742445393,89.53086009202192,89.53086009202192,17.770037722036687,17.770037722036687,17.770037722036687,-1.9660445812391094,-1.9660445812391094,-1.9660445812391094,19.736082303275797,19.736082303275797,19.736082303275797,0.0,0.0,0.0,107.30089781405862
2020-06-01,89.6955554801084,85.74951529901028,125.59667473670555,89.6955554801084,89.6955554801084,16.532725699382063,16.532725699382063,16.532725699382063,-1.9660445812424743,-1.9660445812424743,-1.9660445812424743,18.498770280624537,18.498770280624537,18.498770280624537,0.0,0.0,0.0,106.22828117949047
2020-06-15,90.02510072773741,73.93475877144968,115.58031073381045,90.02510072773741,90.02510072773741,4.47859381219542,4.47859381219542,4.47859381219542,-1.966044581249205,-1.966044581249205,-1.966044581249205,6.444638393444626,6.444638393444626,6.444638393444626,0.0,0.0,0.0,94.50369453993284
2020-06-22,90.18987335155194,68.55260840542265,110.21419774247838,90.18987335155194,90.18987335155194,0.7466512713430902,0.7466512713430902,0.7466512713430902,-1.9660445812009288,-1.9660445812009288,-1.9660445812009288,2.712695852544019,2.712695852544019,2.712695852544019,0.0,0.0,0.0,90.93652462289504
2020-06-29,90.35464597536645,66.71955324015813,105.58031326977816,90.35464597536645,90.35464597536645,-3.75392565004187,-3.75392565004187,-3.75392565004187,-1.9660445812042942,-1.9660445812042942,-1.9660445812042942,-1.7878810688375761,-1.7878810688375761,-1.7878810688375761,0.0,0.0,0.0,86.60072032532459
2020-07-09,90.59003543795862,49.96517841766116,91.50601496427768,90.59003543795862,90.59003543795862,-20.68061948097404,-20.68061948097404,-20.68061948097404,-6.279485836460556,-6.279485836460556,-6.279485836460556,-14.401133644513484,-14.401133644513484,-14.401133644513484,0.0,0.0,0.0,69.90941595698457
2020-07-12,90.66095508324625,47.683664935953544,87.98764795357901,90.66095508324625,90.66095508324625,-21.803069764577426,-21.803069764577426,-21.803069764577426,-3.6076269897372266,-3.6076269897372266,-3.6076269897372266,-18.1954427748402,-18.1954427748402,-18.1954427748402,0.0,0.0,0.0,68.85788531866882
2020-08-06,91.25195212730982,76.05208331016439,117.72767448455924,91.25195212730982,91.25195212730982,5.062319010665951,5.062319010665951,5.062319010665951,-6.279485836475783,-6.279485836475783,-6.279485836475783,11.341804847141734,11.341804847141734,11.341804847141734,0.0,0.0,0.0,96.31427113797577
2020-08-31,91.84294917137342,67.85101303569245,106.72164416339324,91.84294917137342,91.84294917137342,-4.1968960573014655,-4.1968960573014655,-4.1968960573014655,-1.9660445812237168,-1.9660445812237168,-1.9660445812237168,-2.2308514760777483,-2.2308514760777483,-2.2308514760777483,0.0,0.0,0.0,87.64605311407195
2020-09-03,91.91409492176986,60.267340369395754,99.71008078227067,91.91409492176986,91.91409492176986,-11.898221801983393,-11.898221801983393,-11.898221801983393,-6.279485836466608,-6.279485836466608,-6.279485836466608,-5.618735965516786,-5.618735965516786,-5.618735965516786,0.0,0.0,0.0,80.01587311978646
2020-09-11,92.10381692282705,50.12610059068883,91.32403883392875,92.10381692282705,92.10381692282705,-21.437429393891172,-21.437429393891172,-21.437429393891172,-11.313900595674559,-11.313900595674559,-11.313900595674559,-10.123528798216615,-10.123528798216615,-10.123528798216615,0.0,0.0,0.0,70.66638752893587
2020-09-14,92.17496267322349,57.358314083080394,101.16343773667178,92.17496267322349,92.17496267322349,-12.460133035044347,-12.460133035044347,-12.460133035044347,-1.9660445812766576,-1.9660445812766576,-1.9660445812766576,-10.494088453767692,-10.494088453767692,-10.494088453767692,0.0,0.0,0.0,79.71482963817914
2020-09-21,92.34096942414854,61.04186388549656,100.04682361337456,92.34096942414854,92.34096942414854,-12.058165704575158,-12.058165704575158,-12.058165704575158,-1.9660445812283809,-1.9660445812283809,-1.9660445812283809,-10.092121123346779,-10.092121123346779,-10.092121123346779,0.0,0.0,0.0,80.28280371957338
2020-09-28,92.50700086523672,60.79183124705846,102.51152957780377,92.50700086523672,92.50700086523672,-11.133098869566673,-11.133098869566673,-11.133098869566673,-1.9660445812317466,-1.9660445812317466,-1.9660445812317466,-9.167054288334926,-9.167054288334926,-9.167054288334926,0.0,0.0,0.0,81.37390199567005
2020-10-19,93.00509518850123,58.7311835960888,99.66546022187013,93.00509518850123,93.00509518850123,-13.92189246431902,-13.92189246431902,-13.92189246431902,-1.9660445811902008,-1.9660445811902008,-1.9660445811902008,-11.95584788312882,-11.95584788312882,-11.95584788312882,0.0,0.0,0.0,79.08320272418221
2020-10-26,93.1711266295894,58.11844301379159,97.1418321018119,93.1711266295894,93.1711266295894,-16.96546949731959,-16.96546949731959,-16.96546949731959,-1.9660445812452074,-1.9660445812452074,-1.9660445812452074,-14.999424916074382,-14.999424916074382,-14.999424916074382,0.0,0.0,0.0,76.2056571322698
2020-11-05,93.4083144025725,53.06100282896732,93.75271876330642,93.4083144025725,93.4083144025725,-20.4391114908579,-20.4391114908579,-20.4391114908579,-6.279485836462842,-6.279485836462842,-6.279485836462842,-14.15962565439506,-14.15962565439506,-14.15962565439506,0.0,0.0,0.0,72.9692029117146
2020-11-16,93.66922227417264,63.575841535090625,104.85110608930638,93.66922227417264,93.66922227417264,-9.913495035357602,-9.913495035357602,-9.913495035357602,-1.9660445811982294,-1.9660445811982294,-1.9660445811982294,-7.947450454159373,-7.947450454159373,-7.947450454159373,0.0,0.0,0.0,83.75572723881504
2020-11-23,93.8352545561,63.74857254116879,104.52438022465907,93.8352545561,93.8352545561,-10.331031498718184,-10.331031498718184,-10.331031498718184,-1.9660445812532368,-1.9660445812532368,-1.9660445812532368,-8.364986917464948,-8.364986917464948,-8.364986917464948,0.0,0.0,0.0,83.50422305738181
2020-11-30,94.00128683802737,58.55344991393373,98.09158009612385,94.00128683802737,94.00128683802737,-15.522085215660494,-15.522085215660494,-15.522085215660494,-1.96604458120496,-1.96604458120496,-1.96604458120496,-13.556040634455535,-13.556040634455535,-13.556040634455535,0.0,0.0,0.0,78.47920162236687
2020-12-10,94.23847581220932,49.64080608596555,89.8678697787529,94.23847581220932,94.23847581220932,-25.14915115964702,-25.14915115964702,-25.14915115964702,-6.279485836460414,-6.279485836460414,-6.279485836460414,-18.869665323186606,-18.869665323186606,-18.869665323186606,0.0,0.0,0.0,69.0893246525623
2020-12-14,94.33349354326671,54.995969324551865,95.79881245586816,94.33349354326671,94.33349354326671,-19.410494141499328,-19.410494141499328,-19.410494141499328,-1.9660445812579006,-1.9660445812579006,-1.9660445812579006,-17.44444956024143,-17.44444956024143,-17.44444956024143,0.0,0.0,0.0,74.92299940176738
2020-12-21,94.49977457261716,60.556962021424646,102.18324385827414,94.49977457261716,94.49977457261716,-12.793318500789686,-12.793318500789686,-12.793318500789686,-1.9660445812096237,-1.9660445812096237,-1.9660445812096237,-10.827273919580064,-10.827273919580064,-10.827273919580064,0.0,0.0,0.0,81.70645607182747
2020-12-28,94.66605560196759,68.86037593786196,108.77315521122677,94.66605560196759,94.66605560196759,-6.134294222346238,-6.134294222346238,-6.134294222346238,-1.9660445812129899,-1.9660445812129899,-1.9660445812129899,-4.168249641133249,-4.168249641133249,-4.168249641133249,0.0,0.0,0.0,88.53176137962134
2021-01-02,94.78482776578936,83.72446303857141,123.15348552638778,94.78482776578936,94.78482776578936,9.179811226132742,9.179811226132742,9.179811226132742,11.40629913496287,11.40629913496287,11.40629913496287,-2.226487908830128,-2.226487908830128,-2.226487908830128,0.0,0.0,0.0,103.9646389919221
2021-01-03,94.8085821985537,68.11995876476963,108.74566427362541,94.8085821985537,94.8085821985537,-5.775364846996837,-5.775364846996837,-5.775364846996837,-3.6076269897732334,-3.6076269897732334,-3.6076269897732334,-2.167737857223603,-2.167737857223603,-2.167737857223603,0.0,0.0,0.0,89.03321735155686
2021-01-18,95.16489869001893,65.71021060215215,106.53845585624434,95.16489869001893,95.16489869001893,-7.865612004385591,-7.865612004385591,-7.865612004385591,-1.9660445812176528,-1.9660445812176528,-1.9660445812176528,-5.899567423167938,-5.899567423167938,-5.899567423167938,0.0,0.0,0.0,87.29928668563333
2021-01-25,95.33117971936939,67.61493706617648,107.23155285831852,95.33117971936939,95.33117971936939,-7.9895382009167015,-7.9895382009167015,-7.9895382009167015,-1.9660445812210183,-1.9660445812210183,-1.9660445812210183,-6.023493619695683,-6.023493619695683,-6.023493619695683,0.0,0.0,0.0,87.34164151845269
2021-02-15,95.83002280742072,65.89320805886291,105.9415673059415,95.83002280742072,95.83002280742072,-9.75103594782024,-9.75103594782024,-9.75103594782024,-1.9660445811794727,-1.9660445811794727,-1.9660445811794727,-7.784991366640768,-7.784991366640768,-7.784991366640768,0.0,0.0,0.0,86.07898685960048
2021-02-22,95.99630383677116,74.97736209136228,116.12723047857415,95.99630383677116,95.99630383677116,-0.5788310052690956,-0.5788310052690956,-0.5788310052690956,-1.9660445812344791,-1.9660445812344791,-1.9660445812344791,1.3872135759653834,1.3872135759653834,1.3872135759653834,0.0,0.0,0.0,95.41747283150207
2021-03-05,96.25760259717902,91.88434232669677,132.065865085481,96.25760259717902,96.25760259717902,14.705381323090192,14.705381323090192,14.705381323090192,-11.313900595693877,-11.313900595693877,-11.313900595693877,26.01928191878407,26.01928191878407,26.01928191878407,0.0,0.0,0.0,110.96298392026921
2021-03-15,96.49514692482249,103.72491844618085,145.72112423389558,96.49514692482249,96.49514692482249,28.097066292538198,28.097066292538198,28.097066292538198,-1.9660445812391432,-1.9660445812391432,-1.9660445812391432,30.063110873777337,30.063110873777337,30.063110873777337,0.0,0.0,0.0,124.5922132173607
2021-03-22,96.66142795417295,90.5160815646639,131.05628554029238,96.66142795417295,96.66142795417295,15.210574402386879,15.210574402386879,15.210574402386879,-1.9660445812887173,-1.9660445812887173,-1.9660445812887173,17.176618983675596,17.176618983675596,17.176618983675596,0.0,0.0,0.0,111.87200235655983
2021-03-29,96.8277089835234,78.11975424357455,117.61987741429519,96.8277089835234,96.8277089835234,1.4417349225279745,1.4417349225279745,1.4417349225279745,-1.9660445812404415,-1.9660445812404415,-1.9660445812404415,3.407779503768416,3.407779503768416,3.407779503768416,0.0,0.0,0.0,98.26944390605136
2021-04-01,96.89897228181644,70.93863210256525,110.99296600916949,96.89897228181644,96.89897228181644,-5.84976669080512,-5.84976669080512,-5.84976669080512,-6.279485836476437,-6.279485836476437,-6.279485836476437,0.4297191456713172,0.4297191456713172,0.4297191456713172,0.0,0.0,0.0,91.04920559101132
2021-04-19,97.32655207157474,91.71547862461847,131.88159931057507,97.32655207157474,97.32655207157474,15.385839026281959,15.385839026281959,15.385839026281959,-1.9660445811988954,-1.9660445811988954,-1.9660445811988954,17.351883607480854,17.351883607480854,17.351883607480854,0.0,0.0,0.0,112.7123910978567
2021-04-26,97.49283310092518,95.30074279178325,133.92242631995987,97.49283310092518,97.49283310092518,17.304351418593367,17.304351418593367,17.304351418593367,-1.966044581202261,-1.966044581202261,-1.966044581202261,19.27039599979563,19.27039599979563,19.27039599979563,0.0,0.0,0.0,114.79718451951855
2021-05-04,97.68286856303997,107.46783852126023,147.38647223242023,97.68286856303997,97.68286856303997,29.74203488573261,29.74203488573261,29.74203488573261,15.336634390243683,15.336634390243683,15.336634390243683,14.405400495488928,14.405400495488928,14.405400495488928,0.0,0.0,0.0,127.42490344877258
2021-05-17,97.99167618897651,90.79034434491561,132.31665357628177,97.99167618897651,97.99167618897651,12.999092519625737,12.999092519625737,12.999092519625737,-1.9660445812069252,-1.9660445812069252,-1.9660445812069252,14.965137100832662,14.965137100832662,14.965137100832662,0.0,0.0,0.0,110.99076870860225
2021-05-24,98.15795721832697,94.97817654541414,134.1206014367304,98.15795721832697,98.15795721832697,17.343667667736188,17.343667667736188,17.343667667736188,-1.9660445812619316,-1.9660445812619316,-1.9660445812619316,19.30971224899812,19.30971224899812,19.30971224899812,0.0,0.0,0.0,115.50162488606315
2021-05-31,98.3242382476774,93.89544415683903,135.27511477507707,98.3242382476774,98.3242382476774,17.208495924406467,17.208495924406467,17.208495924406467,-1.9660445812136558,-1.9660445812136558,-1.9660445812136558,19.174540505620122,19.174540505620122,19.174540505620122,0.0,0.0,0.0,115.53273417208386
2021-08-02,99.82076751183142,78.74992459419438,121.5850491337197,99.82076751183142,99.82076751183142,0.2871356458901814,0.2871356458901814,0.2871356458901814,-1.9660445812847207,-1.9660445812847207,-1.9660445812847207,2.2531802271749024,2.2531802271749024,2.2531802271749024,0.0,0.0,0.0,100.1079031577216
2021-08-03,99.84452194459577,98.13413998067708,139.17961595561198,99.84452194459577,99.84452194459577,19.915472124458606,19.915472124458606,19.915472124458606,15.336634390249793,15.336634390249793,15.336634390249793,4.578837734208813,4.578837734208813,4.578837734208813,0.0,0.0,0.0,119.75999406905437
2021-10-05,101.34105120874979,87.44311010181404,127.89548632693469,101.34105120874979,101.34105120874979,6.782041154253319,6.782041154253319,6.782041154253319,15.336634390243917,15.336634390243917,15.336634390243917,-8.5545932359906,-8.5545932359906,-8.5545932359906,0.0,0.0,0.0,108.12309236300311
2021-11-01,101.98242089338723,63.62050702735336,103.28990072350116,101.98242089338723,101.98242089338723,-17.505663320118288,-17.505663320118288,-17.505663320118288,-1.9660445812659628,-1.9660445812659628,-1.9660445812659628,-15.539618738852326,-15.539618738852326,-15.539618738852326,0.0,0.0,0.0,84.47675757326894
2021-12-04,102.76631717461075,75.97585895656901,117.67509172787213,102.76631717461075,102.76631717461075,-5.224312402648591,-5.224312402648591,-5.224312402648591,11.406299134965783,11.406299134965783,11.406299134965783,-16.630611537614374,-16.630611537614374,-16.630611537614374,0.0,0.0,0.0,97.54200477196216
2021-12-05,102.7900716073751,61.70683593729997,100.90166436831149,102.7900716073751,102.7900716073751,-20.90609434359638,-20.90609434359638,-20.90609434359638,-3.6076269897660294,-3.6076269897660294,-3.6076269897660294,-17.29846735383035,-17.29846735383035,-17.29846735383035,0.0,0.0,0.0,81.88397726377872
2021-12-12,102.95635263672554,60.69467702159253,102.00644837614644,102.95635263672554,102.95635263672554,-22.135534594873036,-22.135534594873036,-22.135534594873036,-3.6076269897234257,-3.6076269897234257,-3.6076269897234257,-18.52790760514961,-18.52790760514961,-18.52790760514961,0.0,0.0,0.0,80.8208180418525
2021-12-19,103.122633666076,65.1121730229259,106.05914382864927,103.122633666076,103.122633666076,-16.888601393852706,-16.888601393852706,-16.888601393852706,-3.6076269897688973,-3.6076269897688973,-3.6076269897688973,-13.28097440408381,-13.28097440408381,-13.28097440408381,0.0,0.0,0.0,86.23403227222329
2021-12-26,103.28891469542644,74.1317209894103,113.82063625723602,103.28889178382028,103.28894222415633,-9.537663328448252,-9.537663328448252,-9.537663328448252,-3.6076269897644697,-3.6076269897644697,-3.6076269897644697,-5.930036338683783,-5.930036338683783,-5.930036338683783,0.0,0.0,0.0,93.7512513669782
2022-01-02,103.45519572477689,76.79274885634469,117.78618390868567,103.45513377390186,103.45526528624914,-5.864838658906529,-5.864838658906529,-5.864838658906529,-3.6076269897600435,-3.6076269897600435,-3.6076269897600435,-2.257211669146486,-2.257211669146486,-2.257211669146486,0.0,0.0,0.0,97.59035706587035
2022-01-09,103.62147675412734,76.96801783213836,117.83746343878848,103.6213711506693,103.6215909524156,-6.937609515006683,-6.937609515006683,-6.937609515006683,-3.6076269897556164,-3.6076269897556164,-3.6076269897556164,-3.329982525251067,-3.329982525251067,-3.329982525251067,0.0,0.0,0.0,96.68386723912066
2022-01-16,103.78775778347779,74.67399073397148,114.85043695394613,103.78760294882896,103.78793063860199,-9.138930372297835,-9.138930372297835,-9.138930372297835,-3.607626989801086,-3.607626989801086,-3.607626989801086,-5.531303382496749,-5.531303382496749,-5.531303382496749,0.0,0.0,0.0,94.64882741117995
2022-01-23,103.95403881282822,74.14300690972654,115.30572593915934,103.95382718228527,103.9542760445028,-9.675468234350118,-9.675468234350118,-9.675468234350118,-3.607626989746762,-3.607626989746762,-3.607626989746762,-6.067841244603357,-6.067841244603357,-6.067841244603357,0.0,0.0,0.0,94.2785705784781
2022-01-30,104.12031984217867,73.52579142786342,113.33629783438495,104.12004033176174,104.12064525610657,-9.854747509618619,-9.854747509618619,-9.854747509618619,-3.6076269897540567,-3.6076269897540567,-3.6076269897540567,-6.247120519864563,-6.247120519864563,-6.247120519864563,0.0,0.0,0.0,94.26557233256005
2022-02-06,104.2866008715291,73.03199549250868,112.41402852839471,104.28623503380439,104.2870113567867,-11.626525802629963,-11.626525802629963,-11.626525802629963,-3.60762698974963,-3.60762698974963,-3.60762698974963,-8.01889881288033,-8.01889881288033,-8.01889881288033,0.0,0.0,0.0,92.66007506889915
2022-02-13,104.45288190087955,71.97082802696642,110.43069540724397,104.45242232594585,104.45336540849512,-12.382476460657077,-12.382476460657077,-12.382476460657077,-3.6076269897452025,-3.6076269897452025,-3.6076269897452025,-8.774849470911873,-8.774849470911873,-8.774849470911873,0.0,0.0,0.0,92.07040544022247
2022-02-20,104.61916293023,78.72462412539723,118.53500833144722,104.61860863172419,104.61971420705822,-6.193787228741975,-6.193787228741975,-6.193787228741975,-3.6076269897407762,-3.6076269897407762,-3.6076269897407762,-2.586160239001198,-2.586160239001198,-2.586160239001198,0.0,0.0,0.0,98.42537570148804
2022-02-27,104.78544395958045,92.30357598400062,132.41518621335592,104.78479404116173,104.78611693017365,8.431801643763679,8.431801643763679,8.431801643763679,-3.6076269897480704,-3.6076269897480704,-3.6076269897480704,12.039428633511749,12.039428633511749,12.039428633511749,0.0,0.0,0.0,113.21724560334413
2022-03-06,104.95172498893089,109.52908504818218,148.15761658582068,104.95097767521963,104.95250270085911,23.70815865062942,23.70815865062942,23.70815865062942,-3.6076269897935416,-3.6076269897935416,-3.6076269897935416,27.315785640422963,27.315785640422963,27.315785640422963,0.0,0.0,0.0,128.65988363956032
2022-03-13,105.11800601828135,114.03766151336278,154.07284051971732,105.11714786867252,105.11889632140726,28.23612830120598,28.23612830120598,28.23612830120598,-3.607626989739217,-3.607626989739217,-3.607626989739217,31.843755290945197,31.843755290945197,31.843755290945197,0.0,0.0,0.0,133.35413431948734
2022-03-20,105.28428704763179,102.24841560584908,142.89497689013425,105.28329490817283,105.28528168319455,18.501558649535294,18.501558649535294,18.501558649535294,-3.6076269897846878,-3.6076269897846878,-3.6076269897846878,22.109185639319985,22.109185639319985,22.109185639319985,0.0,0.0,0.0,123.78584569716709
2022-03-27,105.45056807698224,88.30224419060214,129.8482219832463,105.4494683097949,105.4516653220713,3.4607530110092974,3.4607530110092974,3.4607530110092974,-3.607626989780261,-3.607626989780261,-3.607626989780261,7.068380000789558,7.068380000789558,7.068380000789558,0.0,0.0,0.0,108.91132108799154
2022-04-03,105.61684910633268,81.49222709296001,122.47711986814217,105.61565640030346,105.61805410990996,-3.7774567900193743,-3.7774567900193743,-3.7774567900193743,-3.607626989775833,-3.607626989775833,-3.607626989775833,-0.16982980024354144,-0.16982980024354144,-0.16982980024354144,0.0,0.0,0.0,101.83939231631331
2022-04-10,105.78313013568312,86.65858132086203,126.68600162378802,105.7818236717094,105.7844425514573,1.3258925519549092,1.3258925519549092,1.3258925519549092,-3.607626989733231,-3.607626989733231,-3.607626989733231,4.93351954168814,4.93351954168814,4.93351954168814,0.0,0.0,0.0,107.10902268763803
2022-04-17,105.94941116503357,97.69319882877038,137.2450557592791,105.94798243067964,105.95083500282153,11.335112383160823,11.335112383160823,11.335112383160823,-3.607626989778701,-3.607626989778701,-3.607626989778701,14.942739372939524,14.942739372939524,14.942739372939524,0.0,0.0,0.0,117.28452354819439
2022-04-24,106.11569219438402,102.77586052076262,144.24875986273892,106.11415647948625,106.1172369426094,15.978776264301965,15.978776264301965,15.978776264301965,-3.607626989724378,-3.607626989724378,-3.607626989724378,19.58640325402634,19.58640325402634,19.58640325402634,0.0,0.0,0.0,122.094468458686
2022-05-01,106.28197322373445,99.05195341556576,139.220914400785,106.28031902048185,106.28364331796847,13.03964321561848,13.03964321561848,13.03964321561848,-3.6076269897698476,-3.6076269897698476,-3.6076269897698476,16.647270205388327,16.647270205388327,16.647270205388327,0.0,0.0,0.0,119.32161643935294
2022-05-08,106.4482542530849,95.31738010385494,136.92426394155723,106.44645558077606,106.45012545291654,9.002618367392946,9.002618367392946,9.002618367392946,-3.607626989765421,-3.607626989765421,-3.607626989765421,12.610245357158368,12.610245357158368,12.610245357158368,0.0,0.0,0.0,115.45087262047784
2022-05-15,106.61453528243536,95.1640819671274,136.5063709636401,106.61260611122651,106.61657711228304,9.998979057307835,9.998979057307835,9.998979057307835,-3.607626989810891,-3.607626989810891,-3.607626989810891,13.606606047118726,13.606606047118726,13.606606047118726,0.0,0.0,0.0,116.61351433974319
2022-05-22,106.7808163117858,101.00358273060198,140.48084819593112,106.77875196920482,106.78301205434657,14.55266644169122,14.55266644169122,14.55266644169122,-3.607626989756567,-3.607626989756567,-3.607626989756567,18.160293431447787,18.160293431447787,18.160293431447787,0.0,0.0,0.0,121.33348275347701
2022-05-29,106.94709734113626,103.55732521325226,143.24549762270576,106.94487789682705,106.94944463711437,16.301393545121623,16.301393545121623,16.301393545121623,-3.6076269897638613,-3.6076269897638613,-3.6076269897638613,19.90902053488549,19.90902053488549,19.90902053488549,0.0,0.0,0.0,123.24849088625788
2022-06-05,107.1133783704867,99.41857448240602,139.66171694204363,107.1110247486083,107.11587957600572,12.198238629335808,12.198238629335808,12.198238629335808,-3.6076269897594337,-3.6076269897594337,-3.6076269897594337,15.805865619095242,15.805865619095242,15.805865619095242,0.0,0.0,0.0,119.3116169998225
2022-06-12,107.27965939983714,92.06464977046629,132.90096111517408,107.27717100911116,107.2823250406271,5.567434217164862,5.567434217164862,5.567434217164862,-3.6076269897550075,-3.6076269897550075,-3.6076269897550075,9.17506120691987,9.17506120691987,9.17506120691987,0.0,0.0,0.0,112.847093617002
2022-06-19,107.44594042918759,88.6518366202613,129.108936965788,107.44321868507127,107.44881809122549,0.7814283675684948,0.7814283675684948,0.7814283675684948,-3.6076269897124043,-3.6076269897124043,-3.6076269897124043,4.389055357280899,4.389055357280899,4.389055357280899,0.0,0.0,0.0,108.22736879675608
2022-06-26,107.61222145853803,85.54161461195874,125.00129855167799,107.60937931964078,107.61523294737881,-2.7598690915120145,-2.7598690915120145,-2.7598690915120145,-3.607626989757875,-3.607626989757875,-3.607626989757875,0.8477578982458603,0.8477578982458603,0.8477578982458603,0.0,0.0,0.0,104.85235236702601
2022-07-03,107.77850248788847,79.49292267049202,118.1472232792743,107.77554280476946,107.78171942875218,-9.116798141720311,-9.116798141720311,-9.116798141720311,-3.6076269897035504,-3.6076269897035504,-3.6076269897035504,-5.509171152016762,-5.509171152016762,-5.509171152016762,0.0,0.0,0.0,98.66170434616816
2022-07-10,107.94478351723893,69.95188151819958,109.91494501323527,107.94166738335124,107.94822616472226,-18.691360613594455,-18.691360613594455,-18.691360613594455,-3.607626989749021,-3.607626989749021,-3.607626989749021,-15.083733623845434,-15.083733623845434,-15.083733623845434,0.0,0.0,0.0,89.25342290364448
2022-07-17,108.11106454658936,62.52889587569817,104.52040996498572,108.10781216176224,108.11462659994542,-25.104465243311168,-25.104465243311168,-25.104465243311168,-3.6076269897944915,-3.6076269897944915,-3.6076269897944915,-21.496838253516675,-21.496838253516675,-21.496838253516675,0.0,0.0,0.0,83.0065993032782
2022-07-24,108.2773455759398,66.72325678648004,107.6418432933062,108.27389638681339,108.28111289873526,-21.02745110039015,-21.02745110039015,-21.02745110039015,-3.607626989790065,-3.607626989790065,-3.607626989790065,-17.419824110600082,-17.419824110600082,-17.419824110600082,0.0,0.0,0.0,87.24989447554965
2022-07-31,108.44362660529026,81.46694478256427,121.25844033636972,108.44001374032267,108.44760184346886,-6.741049405736612,-6.741049405736612,-6.741049405736612,-3.6076269897856372,-3.6076269897856372,-3.6076269897856372,-3.133422415950975,-3.133422415950975,-3.133422415950975,0.0,0.0,0.0,101.70257719955364
2022-08-07,108.6099076346407,98.00826411770178,136.3695532271385,108.60611393400515,108.61402344147868,8.622288603244284,8.622288603244284,8.622288603244284,-3.6076269897430353,-3.6076269897430353,-3.6076269897430353,12.229915592987318,12.229915592987318,12.229915592987318,0.0,0.0,0.0,117.23219623788499
2022-08-14,108.77618866399115,104.32039531995525,144.43837564294017,108.77220717808854,108.78046676747228,14.971152316769295,14.971152316769295,14.971152316769295,-3.607626989788505,-3.607626989788505,-3.607626989788505,18.578779306557802,18.578779306557802,18.578779306557802,0.0,0.0,0.0,123.74734098076044
2022-08-21,108.94246969334161,97.01169962582277,138.80212530746013,108.93832172118049,108.94694807711369,9.859768165866122,9.859768165866122,9.859768165866122,-3.60762698973418,-3.60762698973418,-3.60762698973418,13.467395155600304,13.467395155600304,13.467395155600304,0.0,0.0,0.0,118.80223785920774
2022-08-28,109.10875072269205,88.26529213863996,129.14857909394158,109.10444933838914,109.11339960599803,-0.8571976218483739,-0.8571976218483739,-0.8571976218483739,-3.6076269897796513,-3.6076269897796513,-3.6076269897796513,2.7504293679312775,2.7504293679312775,2.7504293679312775,0.0,0.0,0.0,108.25155310084368
2022-09-04,109.27503175204251,78.21860664581325,119.5790169276158,109.27058091109198,109.27988921920164,-9.698043388615755,-9.698043388615755,-9.698043388615755,-3.6076269897752242,-3.6076269897752242,-3.6076269897752242,-6.090416398840529,-6.090416398840529,-6.090416398840529,0.0,0.0,0.0,99.57698836342675
2022-09-11,109.44131278139294,75.53917965186818,115.39136992584199,109.43664756713589,109.44634611967906,-13.61584029551869,-13.61584029551869,-13.61584029551869,-3.607626989770798,-3.607626989770798,-3.607626989770798,-10.008213305747892,-10.008213305747892,-10.008213305747892,0.0,0.0,0.0,95.82547248587424
2022-09-18,109.60759381074338,75.99813611803101,116.40060080737787,109.6027851972972,109.61280374294373,-14.040813197138364,-14.040813197138364,-14.040813197138364,-3.6076269897281943,-3.6076269897281943,-3.6076269897281943,-10.43318620741017,-10.43318620741017,-10.43318620741017,0.0,0.0,0.0,95.56678061360502
2022-09-25,109.77387484009384,76.19428150368353,116.18335423207503,109.76893769443754,109.77929548329081,-13.245449022071554,-13.245449022071554,-13.245449022071554,-3.607626989773666,-3.607626989773666,-3.607626989773666,-9.637822032297889,-9.637822032297889,-9.637822032297889,0.0,0.0,0.0,96.52842581802228
2022-10-02,109.94015586944428,75.91944903970014,118.11747427410317,109.93497089434315,109.9458252785287,-12.37219254037105,-12.37219254037105,-12.37219254037105,-3.6076269897193414,-3.6076269897193414,-3.6076269897193414,-8.764565550651708,-8.764565550651708,-8.764565550651708,0.0,0.0,0.0,97.56796332907324
2022-10-09,110.10643689879471,76.64364852863142,118.00828716406494,110.10106814691005,110.11232228049089,-12.279958291325627,-12.279958291325627,-12.279958291325627,-3.607626989764812,-3.607626989764812,-3.607626989764812,-8.672331301560815,-8.672331301560815,-8.672331301560815,0.0,0.0,0.0,97.82647860746908
2022-10-16,110.27271792814516,75.66001527317202,117.25268484354376,110.26717636089869,110.27881769719238,-14.015689540739185,-14.015689540739185,-14.015689540739185,-3.6076269897222093,-3.6076269897222093,-3.6076269897222093,-10.408062551016975,-10.408062551016975,-10.408062551016975,0.0,0.0,0.0,96.25702838740597
2022-10-23,110.43899895749561,71.66036735814323,111.95678523765197,110.43337417028539,110.44532969565348,-17.23401571330881,-17.23401571330881,-17.23401571330881,-3.607626989767679,-3.607626989767679,-3.607626989767679,-13.626388723541133,-13.626388723541133,-13.626388723541133,0.0,0.0,0.0,93.2049832441868
2022-10-30,110.60527998684606,72.09412926905371,111.43487749796064,110.59949311711568,110.6118267766131,-19.255283443172576,-19.255283443172576,-19.255283443172576,-3.6076269897133555,-3.6076269897133555,-3.6076269897133555,-15.64765645345922,-15.64765645345922,-15.64765645345922,0.0,0.0,0.0,91.34999654367348
2022-11-06,110.77156101619651,75.6662093636178,112.77434551241166,110.76557763196531,110.77833896549086,-17.51618856139425,-17.51618856139425,-17.51618856139425,-3.6076269897588253,-3.6076269897588253,-3.6076269897588253,-13.908561571635424,-13.908561571635424,-13.908561571635424,0.0,0.0,0.0,93.25537245480226
2022-11-13,110.93784204554696,79.03764423218489,119.35131461519885,110.93162744286062,110.94489469142496,-13.211719213217862,-13.211719213217862,-13.211719213217862,-3.607626989804296,-3.607626989804296,-3.607626989804296,-9.604092223413566,-9.604092223413566,-9.604092223413566,0.0,0.0,0.0,97.7261228323291
2022-11-20,111.1041230748974,80.36812697247768,119.8720596303727,111.09771366692208,111.11142519151248,-11.046949955210723,-11.046949955210723,-11.046949955210723,-3.607626989749971,-3.607626989749971,-3.607626989749971,-7.439322965460752,-7.439322965460752,-7.439322965460752,0.0,0.0,0.0,100.05717311968668
2022-11-27,111.27040410424786,76.63803154961641,116.79287806011418,111.26381591461426,111.27791355744874,-14.194992208455677,-14.194992208455677,-14.194992208455677,-3.6076269897954423,-3.6076269897954423,-3.6076269897954423,-10.587365218660235,-10.587365218660235,-10.587365218660235,0.0,0.0,0.0,97.07541189579219
2022-12-04,111.43668513359829,71.51538749092137,111.56730582434082,111.42987844360658,111.44438955288142,-20.057751340806053,-20.057751340806053,-20.057751340806053,-3.607626989752839,-3.607626989752839,-3.607626989752839,-16.450124351053216,-16.450124351053216,-16.450124351053216,0.0,0.0,0.0,91.37893379279224
2022-12-11,111.60296616294873,69.43323409389009,109.96476417539463,111.59594746884962,111.61085688563578,-22.42589956366317,-22.42589956366317,-22.42589956366317,-3.607626989748413,-3.607626989748413,-3.607626989748413,-18.818272573914758,-18.818272573914758,-18.818272573914758,0.0,0.0,0.0,89.17706659928557
2022-12-18,111.76924719229919,73.76369098371732,114.4769445748748,111.7619014939444,111.77731710851121,-18.16714803078281,-18.16714803078281,-18.16714803078281,-3.607626989743985,-3.607626989743985,-3.607626989743985,-14.559521041038824,-14.559521041038824,-14.559521041038824,0.0,0.0,0.0,93.60209916151638
2022-12-25,111.93552822164963,81.272438282735,119.7147537801306,111.92798846245645,111.94384364751932,-10.709730872127642,-10.709730872127642,-10.709730872127642,-3.607626989789456,-3.607626989789456,-3.607626989789456,-7.102103882338185,-7.102103882338185,-7.102103882338185,0.0,0.0,0.0,101.225797349522
2023-01-01,112.10180925100006,85.64926580321924,125.83203552067063,112.09403059422277,112.110334786752,-6.120057838334781,-6.120057838334781,-6.120057838334781,-3.607626989746853,-3.607626989746853,-3.607626989746853,-2.5124308485879276,-2.5124308485879276,-2.5124308485879276,0.0,0.0,0.0,105.98175141266528
2023-01-08,112.26809028035052,86.3530334420359,126.86570665560696,112.26013248962684,112.27687038585633,-6.5336048107276765,-6.5336048107276765,-6.5336048107276765,-3.607626989742425,-3.607626989742425,-3.607626989742425,-2.925977820985251,-2.925977820985251,-2.925977820985251,0.0,0.0,0.0,105.73448546962284
2023-01-15,112.43437130970096,82.69672263796764,125.15580927936294,112.42622652005358,112.44340410128075,-8.840526711085383,-8.840526711085383,-8.840526711085383,-3.607626989738,-3.607626989738,-3.607626989738,-5.232899721347384,-5.232899721347384,-5.232899721347384,0.0,0.0,0.0,103.59384459861558
2023-01-22,112.60065233905141,83.63778837011219,123.60076793396442,112.59230989019791,112.60985747659686,-9.6876884865462,-9.6876884865462,-9.6876884865462,-3.607626989783469,-3.607626989783469,-3.607626989783469,-6.080061496762732,-6.080061496762732,-6.080061496762732,0.0,0.0,0.0,102.91296385250521
2023-01-29,112.76693336840187,82.02073191709411,123.87787680346703,112.7583635485804,112.77638485174661,-9.722566724427086,-9.722566724427086,-9.722566724427086,-3.6076269897291455,-3.6076269897291455,-3.6076269897291455,-6.11493973469794,-6.11493973469794,-6.11493973469794,0.0,0.0,0.0,103.04436664397478
2023-02-05,112.93321439775231,81.35977042547523,120.96437215054624,112.92450186150857,112.94289314740276,-11.23416118505196,-11.23416118505196,-11.23416118505196,-3.6076269897746154,-3.6076269897746154,-3.6076269897746154,-7.626534195277345,-7.626534195277345,-7.626534195277345,0.0,0.0,0.0,101.69905321270035
2023-02-12,113.09949542710277,80.33108205697495,120.73832990169454,113.09052567399529,113.10940618330302,-12.593112298759303,-12.593112298759303,-12.593112298759303,-3.607626989732013,-3.607626989732013,-3.607626989732013,-8.985485309027291,-8.985485309027291,-8.985485309027291,0.0,0.0,0.0,100.50638312834346
2023-02-19,113.2657764564532,85.25671855066686,125.092673443398,113.25655857338923,113.27594427061314,-7.993502343495225,-7.993502343495225,-7.993502343495225,-3.6076269897275854,-3.6076269897275854,-3.6076269897275854,-4.385875353767639,-4.385875353767639,-4.385875353767639,0.0,0.0,0.0,105.27227411295797
2023-02-26,113.43205748580364,98.25149085254827,138.43790648379996,113.42262494502485,113.4423837696968,5.438714252435931,5.438714252435931,5.438714252435931,-3.607626989723159,-3.607626989723159,-3.607626989723159,9.046341242159091,9.046341242159091,9.046341242159091,0.0,0.0,0.0,118.87077173823957
2023-03-05,113.5983385151541,115.60487993586855,155.8282073630274,113.58870505301047,113.60885488417546,21.48049905189503,21.48049905189503,21.48049905189503,-3.6076269897686295,-3.6076269897686295,-3.6076269897686295,25.08812604166366,25.08812604166366,25.08812604166366,0.0,0.0,0.0,135.07883756704913
2023-03-12,113.76461954450454,122.72531171549448,162.7152236009276,113.75468297864343,113.77532088280509,28.545687620752982,28.545687620752982,28.545687620752982,-3.6076269898141002,-3.6076269898141002,-3.6076269898141002,32.15331461056708,32.15331461056708,32.15331461056708,0.0,0.0,0.0,142.3103071652575
2023-03-19,113.93090057385497,114.61414169481584,156.371505172154,113.92065400122104,113.94180902434414,21.01897737677648,21.01897737677648,21.01897737677648,-3.6076269897597757,-3.6076269897597757,-3.6076269897597757,24.626604366536256,24.626604366536256,24.626604366536256,0.0,0.0,0.0,134.94987795063145
2023-03-26,114.09718160320543,99.19901139821648,141.9577505113153,114.08668195749839,114.1084227895986,5.901588478503592,5.901588478503592,5.901588478503592,-3.607626989805247,-3.607626989805247,-3.607626989805247,9.509215468308838,9.509215468308838,9.509215468308838,0.0,0.0,0.0,119.99877008170903
2023-04-02,114.26346263255587,89.45817806920047,131.42335972910965,114.25278451658893,114.27493616831194,-3.436531037807211,-3.436531037807211,-3.436531037807211,-3.6076269897626436,-3.6076269897626436,-3.6076269897626436,0.17109595195543215,0.17109595195543215,0.17109595195543215,0.0,0.0,0.0,110.82693159474866
2023-04-09,114.42974366190631,94.91332871062636,135.98612370947825,114.41888772350465,114.44161105014133,-0.2724408266638503,-0.2724408266638503,-0.2724408266638503,-3.6076269897582165,-3.6076269897582165,-3.6076269897582165,3.3351861630943658,3.3351861630943658,3.3351861630943658,0.0,0.0,0.0,114.15730283524246
2023-04-16,114.59602469125677,105.03370537369139,144.54199941535734,114.58498143869393,114.60817470474211,9.706620000181022,9.706620000181022,9.706620000181022,-3.60762698975379,-3.60762698975379,-3.60762698975379,13.314246989934814,13.314246989934814,13.314246989934814,0.0,0.0,0.0,124.30264469143779
2023-04-23,114.76230572060722,110.20970732182401,148.87652935686708,114.75090514288317,114.77485635028572,15.788354920914117,15.788354920914117,15.788354920914117,-3.6076269897610844,-3.6076269897610844,-3.6076269897610844,19.395981910675204,19.395981910675204,19.395981910675204,0.0,0.0,0.0,130.55066064152135
2023-04-30,114.92858674995766,108.70184996971916,150.07314724797257,114.91701145627418,114.94143709634315,13.890702491540488,13.890702491540488,13.890702491540488,-3.6076269897067608,-3.6076269897067608,-3.6076269897067608,17.498329481247247,17.498329481247247,17.498329481247247,0.0,0.0,0.0,128.81928924149815
2023-05-07,115.09486777930812,104.03701383071851,144.47853973086794,115.08311372110617,115.10800253338827,9.44900298142216,9.44900298142216,9.44900298142216,-3.6076269897522306,-3.6076269897522306,-3.6076269897522306,13.05662997117439,13.05662997117439,13.05662997117439,0.0,0.0,0.0,124.54387076073027
2023-05-14,115.26114880865855,104.31591227933392,144.42960447723684,115.24912854329055,115.27456592375921,9.41037200842559,9.41037200842559,9.41037200842559,-3.607626989747804,-3.607626989747804,-3.607626989747804,13.017998998173393,13.017998998173393,13.017998998173393,0.0,0.0,0.0,124.67152081708414
2023-05-21,115.42742983800899,109.70758119403996,150.46421334293484,115.41517366694794,115.44104967361123,13.760431614940568,13.760431614940568,13.760431614940568,-3.607626989793274,-3.607626989793274,-3.607626989793274,17.368058604733843,17.368058604733843,17.368058604733843,0.0,0.0,0.0,129.18786145294956
2023-05-28,115.59371086735943,111.43621158733514,151.05642023377618,115.58114978527412,115.60754325275006,16.422850180438303,16.422850180438303,16.422850180438303,-3.60762698973895,-3.60762698973895,-3.60762698973895,20.030477170177253,20.030477170177253,20.030477170177253,0.0,0.0,0.0,132.01656104779772
2023-06-04,115.75999189670988,107.73140605163432,148.34982672271101,115.74707205443562,115.77411543991086,13.271889387652417,13.271889387652417,13.271889387652417,-3.60762698978442,-3.60762698978442,-3.60762698978442,16.879516377436836,16.879516377436836,16.879516377436836,0.0,0.0,0.0,129.0318812843623
2023-06-11,115.92627292606032,101.03234149307967,141.21172286188852,115.91321035893186,115.94068225782303,6.696871296344791,6.696871296344791,6.696871296344791,-3.6076269897418167,-3.6076269897418167,-3.6076269897418167,10.30449828608661,10.30449828608661,10.30449828608661,0.0,0.0,0.0,122.62314422240512
2023-06-18,116.09255395541078,100.23120843225291,139.41518927009804,116.07928743373962,116.10721826104648,1.448779778389131,1.448779778389131,1.448779778389131,-3.6076269897373905,-3.6076269897373905,-3.6076269897373905,5.0564067681265215,5.0564067681265215,5.0564067681265215,0.0,0.0,0.0,117.54133373379992
2023-06-25,116.25883498476122,93.70330367370836,134.34376149743352,116.24546242884169,116.27379917323509,-2.0325651576737123,-2.0325651576737123,-2.0325651576737123,-3.607626989732963,-3.607626989732963,-3.607626989732963,1.5750618320592507,1.5750618320592507,1.5750618320592507,0.0,0.0,0.0,114.2262698270875
2023-07-02,116.42511601411167,91.03596883556352,128.17560523811775,116.41135182697269,116.44041996220459,-7.6614894992396065,-7.6614894992396065,-7.6614894992396065,-3.6076269897784337,-3.6076269897784337,-3.6076269897784337,-4.0538625094611715,-4.0538625094611715,-4.0538625094611715,0.0,0.0,0.0,108.76362651487206
2023-07-09,116.59139704346212,79.3390225537905,118.67925007787663,116.57745826710925,116.60702393834845,-16.963093915633134,-16.963093915633134,-16.963093915633134,-3.6076269897241096,-3.6076269897241096,-3.6076269897241096,-13.355466925909026,-13.355466925909026,-13.355466925909026,0.0,0.0,0.0,99.62830312782899
2023-07-16,116.75767807281257,72.00922282916504,112.1454137112501,116.74348441333832,116.7736266403457,-24.577907858238238,-24.577907858238238,-24.577907858238238,-3.60762698976958,-3.60762698976958,-3.60762698976958,-20.970280868468656,-20.970280868468656,-20.970280868468656,0.0,0.0,0.0,92.17977021457433
2023-07-23,116.92395910216302,73.99384478813636,113.57947692129278,116.90957415920994,116.94014126284924,-22.651171516940774,-22.651171516940774,-22.651171516940774,-3.6076269897768745,-3.6076269897768745,-3.6076269897768745,-19.0435445271639,-19.0435445271639,-19.0435445271639,0.0,0.0,0.0,94.27278758522225
2023-07-30,117.09024013151347,86.5181302660117,126.85985914221786,117.07559215115275,117.10672908645626,-9.708007130901809,-9.708007130901809,-9.708007130901809,-3.6076269897724482,-3.6076269897724482,-3.6076269897724482,-6.10038014112936,-6.10038014112936,-6.10038014112936,0.0,0.0,0.0,107.38223300061166
2023-08-06,117.25652116086388,103.52356055265227,144.7970454364035,117.24156945458573,117.27326835960267,6.315151315596254,6.315151315596254,6.315151315596254,-3.607626989768021,-3.607626989768021,-3.607626989768021,9.922778305364275,9.922778305364275,9.922778305364275,0.0,0.0,0.0,123.57167247646014
2023-08-13,117.42280219021433,111.84936792783928,152.08452026802334,117.40754221950829,117.43976074800376,14.739627861249609,14.739627861249609,14.739627861249609,-3.6076269897635944,-3.6076269897635944,-3.6076269897635944,18.347254851013204,18.347254851013204,18.347254851013204,0.0,0.0,0.0,132.16243005146393
2023-08-20,117.58908321956478,107.21261554034481,148.048257081869,117.5736965343365,117.60625090423764,11.421234151542512,11.421234151542512,11.421234151542512,-3.607626989770889,-3.607626989770889,-3.607626989770889,15.028861141313401,15.028861141313401,15.028861141313401,0.0,0.0,0.0,129.0103173711073
2023-08-27,117.75536424891523,99.33758518753368,139.9701113122443,117.73962383153744,117.77272906698852,1.0968856707194499,1.0968856707194499,1.0968856707194499,-3.607626989716563,-3.607626989716563,-3.607626989716563,4.704512660436014,4.704512660436014,4.704512660436014,0.0,0.0,0.0,118.85224991963467
2023-09-03,117.92164527826569,89.82986416521483,129.08827621625747,117.90564064701695,117.93921837243063,-8.467950147066968,-8.467950147066968,-8.467950147066968,-3.6076269897620343,-3.6076269897620343,-3.6076269897620343,-4.8603231573049355,-4.8603231573049355,-4.8603231573049355,0.0,0.0,0.0,109.45369513119871
2023-09-10,118.08792630761613,85.78878127342479,124.01353307991594,118.0716736281249,118.10570424723959,-13.246452163800702,-13.246452163800702,-13.246452163800702,-3.6076269897576068,-3.6076269897576068,-3.6076269897576068,-9.638825174043095,-9.638825174043095,-9.638825174043095,0.0,0.0,0.0,104.84147414381543
2023-09-17,118.25420733696657,84.56937858296274,125.37561909379353,118.23766784925475,118.2721886326322,-14.106446834204238,-14.106446834204238,-14.106446834204238,-3.607626989753181,-3.607626989753181,-3.607626989753181,-10.498819844451058,-10.498819844451058,-10.498819844451058,0.0,0.0,0.0,104.14776050276234
2023-09-24,118.42048836631703,83.9180858736468,126.27222535152076,118.40371522649482,118.43883879743368,-13.413743398339706,-13.413743398339706,-13.413743398339706,-3.607626989748754,-3.607626989748754,-3.607626989748754,-9.806116408590954,-9.806116408590954,-9.806116408590954,0.0,0.0,0.0,105.00674496797733
2023-10-01,118.58676939566747,85.68016486130878,126.96423539077969,118.5697339008465,118.60537020164246,-12.501641310233758,-12.501641310233758,-12.501641310233758,-3.6076269897942246,-3.6076269897942246,-3.6076269897942246,-8.894014320439533,-8.894014320439533,-8.894014320439533,0.0,0.0,0.0,106.08512808543372
2023-10-08,118.75305042501792,86.54280676117237,126.76300610939914,118.73579930346594,118.77197897781899,-12.1868084681785,-12.1868084681785,-12.1868084681785,-3.6076269897516218,-3.6076269897516218,-3.6076269897516218,-8.579181478426877,-8.579181478426877,-8.579181478426877,0.0,0.0,0.0,106.56624195683942
2023-10-15,118.91933145436836,85.10754123545229,125.3340479227474,118.90172694934506,118.93869023428518,-13.553877334616084,-13.553877334616084,-13.553877334616084,-3.607626989747195,-3.607626989747195,-3.607626989747195,-9.946250344868888,-9.946250344868888,-9.946250344868888,0.0,0.0,0.0,105.36545411975227
2023-10-22,119.08561248371879,83.85652503128745,124.45757909648489,119.06770466295872,119.10526133586362,-16.648123579960465,-16.648123579960465,-16.648123579960465,-3.607626989742768,-3.607626989742768,-3.607626989742768,-13.040496590217698,-13.040496590217698,-13.040496590217698,0.0,0.0,0.0,102.43748890375832
2023-10-29,119.25189351306923,78.91959442473927,119.46069030450963,119.23353000771394,119.27188503774995,-19.129531377108588,-19.129531377108588,-19.129531377108588,-3.6076269897882383,-3.6076269897882383,-3.6076269897882383,-15.521904387320351,-15.521904387320351,-15.521904387320351,0.0,0.0,0.0,100.12236213596064
2023-11-05,119.41817454241969,80.17262914363258,121.67991713141694,119.39953249167168,119.43854261868772,-18.113021956261488,-18.113021956261488,-18.113021956261488,-3.6076269896957385,-3.6076269896957385,-3.6076269896957385,-14.505394966565747,-14.505394966565747,-14.505394966565747,0.0,0.0,0.0,101.3051525861582
2023-11-12,119.58445557177014,85.1170929564749,125.54338692174213,119.56556093398206,119.60526788386925,-13.975079220015306,-13.975079220015306,-13.975079220015306,-3.6076269897412088,-3.6076269897412088,-3.6076269897412088,-10.367452230274097,-10.367452230274097,-10.367452230274097,0.0,0.0,0.0,105.60937635175483
2023-11-19,119.75073660112058,89.8847175255365,128.53991831883283,119.73168624257433,119.77191757629826,-11.070334526474088,-11.070334526474088,-11.070334526474088,-3.607626989786679,-3.607626989786679,-3.607626989786679,-7.462707536687408,-7.462707536687408,-7.462707536687408,0.0,0.0,0.0,108.6804020746465
2023-11-26,119.91701763047104,87.22130045702882,126.6579440306741,119.89771637242113,119.9386708679589,-13.279282540817986,-13.279282540817986,-13.279282540817986,-3.607626989732354,-3.607626989732354,-3.607626989732354,-9.671655551085633,-9.671655551085633,-9.671655551085633,0.0,0.0,0.0,106.63773508965305
2023-12-03,120.08329865982148,81.03611799934001,121.28082279718943,120.06379894088867,120.10511179404759,-19.08872521727977,-19.08872521727977,-19.08872521727977,-3.6076269897778253,-3.6076269897778253,-3.6076269897778253,-15.481098227501944,-15.481098227501944,-15.481098227501944,0.0,0.0,0.0,100.99457344254171
2023-12-10,120.24957968917194,77.32665529224644,120.59835238347962,120.22992087496175,120.27156737401712,-22.48491774753398,-22.48491774753398,-22.48491774753398,-3.607626989773398,-3.607626989773398,-3.607626989773398,-18.877290757760584,-18.877290757760584,-18.877290757760584,0.0,0.0,0.0,97.76466194163795
2023-12-17,120.41586071852238,80.56005231718913,121.50785400222225,120.39592358324481,120.4380087991899,-19.335782743105028,-19.335782743105028,-19.335782743105028,-3.607626989780693,-3.607626989780693,-3.607626989780693,-15.728155753324334,-15.728155753324334,-15.728155753324334,0.0,0.0,0.0,101.08007797541735
2023-12-24,120.58214174787281,88.92770635794119,129.557877421247,120.5618872512436,120.6045988446855,-11.985628180151831,-11.985628180151831,-11.985628180151831,-3.607626989726368,-3.607626989726368,-3.607626989726368,-8.378001190425463,-8.378001190425463,-8.378001190425463,0.0,0.0,0.0,108.59651356772098
2023-12-31,120.74842277722327,93.8841957349492,134.18081853845445,120.72791687254403,120.77122556825174,-6.55104286395328,-6.55104286395328,-6.55104286395328,-3.607626989771839,-3.607626989771839,-3.607626989771839,-2.9434158741814413,-2.9434158741814413,-2.9434158741814413,0.0,0.0,0.0,114.19737991326998
2024-01-07,120.91470380657371,94.03880577109418,135.47550700362297,120.89373194410426,120.93788349301366,-6.1902609891821925,-6.1902609891821925,-6.1902609891821925,-3.6076269897674114,-3.6076269897674114,-3.6076269897674114,-2.58263399941478,-2.58263399941478,-2.58263399941478,0.0,0.0,0.0,114.72444281739152
2024-01-14,121.08098483592414,91.81727633716662,132.79318701368635,121.05956024261303,121.10450174944162,-8.482376185834697,-8.482376185834697,-8.482376185834697,-3.6076269897629856,-3.6076269897629856,-3.6076269897629856,-4.874749196071711,-4.874749196071711,-4.874749196071711,0.0,0.0,0.0,112.59860865008945
2024-01-21,121.24726586527458,92.33434290487297,132.07983662930795,121.22536927396997,121.27112309350422,-9.668319819905415,-9.668319819905415,-9.668319819905415,-3.6076269897585576,-3.6076269897585576,-3.6076269897585576,-6.060692830146857,-6.060692830146857,-6.060692830146857,0.0,0.0,0.0,111.57894604536916
2024-01-28,121.41354689462504,91.32950250923625,132.09961424839977,121.39127939462853,121.43788861241119,-9.649805060306534,-9.649805060306534,-9.649805060306534,-3.6076269898040274,-3.6076269898040274,-3.6076269898040274,-6.042178070502507,-6.042178070502507,-6.042178070502507,0.0,0.0,0.0,111.76374183431851
2024-02-04,121.57982792397549,90.48927470682364,128.87117827365108,121.55720616412984,121.60452374177726,-10.85092084285332,-10.85092084285332,-10.85092084285332,-3.607626989711528,-3.607626989711528,-3.607626989711528,-7.243293853141791,-7.243293853141791,-7.243293853141791,0.0,0.0,0.0,110.72890708112217
2024-02-11,121.74610895332594,87.76114393721608,128.05510729107738,121.7231680099426,121.77105839830178,-12.60594579319507,-12.60594579319507,-12.60594579319507,-3.6076269897569984,-3.6076269897569984,-3.6076269897569984,-8.998318803438073,-8.998318803438073,-8.998318803438073,0.0,0.0,0.0,109.14016316013087
2024-02-18,121.91238998267639,92.88032614200071,133.30826586741222,121.88923776052683,121.93758919735077,-9.484015550977668,-9.484015550977668,-9.484015550977668,-3.607626989752572,-3.607626989752572,-3.607626989752572,-5.876388561225096,-5.876388561225096,-5.876388561225096,0.0,0.0,0.0,112.42837443169871
2024-02-25,122.07867101202683,106.20249434981932,144.55229768856373,122.05508876309182,122.1041407901975,2.545931295798547,2.545931295798547,2.545931295798547,-3.6076269897598663,-3.6076269897598663,-3.6076269897598663,6.153558285558413,6.153558285558413,6.153558285558413,0.0,0.0,0.0,124.62460230782538
2024-03-03,122.24495204137727,123.08454608878658,162.50419576798174,122.22103852398509,122.27070490259663,18.949371949995008,18.949371949995008,18.949371949995008,-3.607626989705543,-3.607626989705543,-3.607626989705543,22.556998939700552,22.556998939700552,22.556998939700552,0.0,0.0,0.0,141.19432399137227
2024-03-10,122.41123307072772,129.76341870635974,171.82437030816698,122.38694072410807,122.43723199270198,28.352109250415264,28.352109250415264,28.352109250415264,-3.607626989751013,-3.607626989751013,-3.607626989751013,31.959736240166276,31.959736240166276,31.959736240166276,0.0,0.0,0.0,150.76334232114297
2024-03-17,122.57751410007816,126.39737656402394,166.99452159471002,122.5528196605539,122.60375212852881,23.275107593238847,23.275107593238847,23.275107593238847,-3.607626989796484,-3.607626989796484,-3.607626989796484,26.88273458303533,26.88273458303533,26.88273458303533,0.0,0.0,0.0,145.85262169331702
2024-03-24,122.74379512942862,109.69251838350309,150.37524046276303,122.7187035391935,122.7703236938174,8.546839673265291,8.546839673265291,8.546839673265291,-3.607626989742159,-3.607626989742159,-3.607626989742159,12.15446666300745,12.15446666300745,12.15446666300745,0.0,0.0,0.0,131.29063480269392
2024-03-31,122.91007615877905,98.67115932086809,139.2772407392815,122.8846222233091,122.93686701783858,-2.659515635688567,-2.659515635688567,-2.659515635688567,-3.6076269897876294,-3.6076269897876294,-3.6076269897876294,0.9481113540990624,0.9481113540990624,0.9481113540990624,0.0,0.0,0.0,120.25056052309048
2024-04-07,123.07635718812949,102.43875112240652,142.35416824651534,123.05051644595163,123.10335345994156,-1.638797637024161,-1.638797637024161,-1.638797637024161,-3.6076269897832014,-3.6076269897832014,-3.6076269897832014,1.9688293527590406,1.9688293527590406,1.9688293527590406,0.0,0.0,0.0,121.43755955110534
2024-04-14,123.24263821747995,111.98315610678662,151.71737491372454,123.21641066859418,123.26995452207913,7.933045375155702,7.933045375155702,7.933045375155702,-3.6076269897405995,-3.6076269897405995,-3.6076269897405995,11.540672364896302,11.540672364896302,11.540672364896302,0.0,0.0,0.0,131.17568359263566
2024-04-21,123.4089192468304,117.31039152526365,157.4558984950413,123.38230654349758,123.43686773794283,15.314428472193246,15.314428472193246,15.314428472193246,-3.607626989736173,-3.607626989736173,-3.607626989736173,18.922055461929418,18.922055461929418,18.922055461929418,0.0,0.0,0.0,138.72334771902365
2024-04-28,123.57520027618084,117.761268596708,158.90505083523564,123.54827479677172,123.60341381247692,14.656643923271085,14.656643923271085,14.656643923271085,-3.6076269897816426,-3.6076269897816426,-3.6076269897816426,18.264270913052727,18.264270913052727,18.264270913052727,0.0,0.0,0.0,138.23184419945193
2024-05-05,123.7414813055313,115.345808986371,154.72960226393866,123.71434982206206,123.76996410417564,10.057744191643147,10.057744191643147,10.057744191643147,-3.6076269897772164,-3.6076269897772164,-3.6076269897772164,13.665371181420364,13.665371181420364,13.665371181420364,0.0,0.0,0.0,133.79922549717443
2024-05-12,123.90776233488174,112.84871363931435,152.9417410395732,123.88054583709727,123.93656318898158,8.980300904218318,8.980300904218318,8.980300904218318,-3.6076269897727884,-3.6076269897727884,-3.6076269897727884,12.587927893991106,12.587927893991106,12.587927893991106,0.0,0.0,0.0,132.88806323910006
2024-05-19,124.0740433642322,116.90593262682171,156.83552111273326,124.04644842307596,124.10315566761228,12.907805751702705,12.907805751702705,12.907805751702705,-3.6076269897683626,-3.6076269897683626,-3.6076269897683626,16.515432741471066,16.515432741471066,16.515432741471066,0.0,0.0,0.0,136.9818491159349
2024-05-26,124.24032439358263,121.77916193441463,162.40333111508127,124.21244754171458,124.26981234229696,16.338391967449763,16.338391967449763,16.338391967449763,-3.6076269897756568,-3.6076269897756568,-3.6076269897756568,19.94601895722542,19.94601895722542,19.94601895722542,0.0,0.0,0.0,140.57871636103238
2024-06-02,124.40660542293307,118.17266581150916,157.67815620225167,124.37842119439541,124.43630480214247,14.229218662614269,14.229218662614269,14.229218662614269,-3.607626989721333,-3.607626989721333,-3.607626989721333,17.8368456523356,17.8368456523356,17.8368456523356,0.0,0.0,0.0,138.63582408554734
2024-06-09,124.57288645228353,110.73010618706122,154.55714727687868,124.54439265990358,124.60303809488322,7.882608645471692,7.882608645471692,7.882608645471692,-3.607626989766803,-3.607626989766803,-3.607626989766803,11.490235635238495,11.490235635238495,11.490235635238495,0.0,0.0,0.0,132.45549509775523
2024-06-16,124.73916748163397,107.73043225127307,148.78745140795553,124.71043922939621,124.76973953746254,2.1866301302510793,2.1866301302510793,2.1866301302510793,-3.6076269897623754,-3.6076269897623754,-3.6076269897623754,5.794257120013454,5.794257120013454,5.794257120013454,0.0,0.0,0.0,126.92579761188505
2024-06-23,124.9054485109844,104.33369609703614,143.62140630715584,124.87650048686878,124.93624392111843,-1.380823283246542,-1.380823283246542,-1.380823283246542,-3.6076269897197735,-3.6076269897197735,-3.6076269897197735,2.226803706473232,2.226803706473232,2.226803706473232,0.0,0.0,0.0,123.52462522773786
2024-06-30,125.07172954033486,98.67916800937537,139.3714205996344,125.04256264018373,125.10272876904469,-6.344805055443367,-6.344805055443367,-6.344805055443367,-3.607626989715346,-3.607626989715346,-3.607626989715346,-2.737178065728021,-2.737178065728021,-2.737178065728021,0.0,0.0,0.0,118.72692448489148
2024-07-07,125.2380105696853,89.85892970970735,130.2063862035631,125.20864862096559,125.26933945798143,-15.189399890197867,-15.189399890197867,-15.189399890197867,-3.6076269897608175,-3.6076269897608175,-3.6076269897608175,-11.581772900437048,-11.581772900437048,-11.581772900437048,0.0,0.0,0.0,110.04861067948744
2024-07-14,125.40429159903574,82.17798661534563,123.49811107453638,125.37450907704769,125.43601134031,-23.72823606778842,-23.72823606778842,-23.72823606778842,-3.6076269898062865,-3.6076269898062865,-3.6076269898062865,-20.120609077982134,-20.120609077982134,-20.120609077982134,0.0,0.0,0.0,101.67605553124733
2024-07-21,125.5705726283862,80.65880708390166,121.77520984507515,125.5402999865565,125.6026630348141,-23.895329912781026,-23.895329912781026,-23.895329912781026,-3.607626989751963,-3.607626989751963,-3.607626989751963,-20.287702923029066,-20.287702923029066,-20.287702923029066,0.0,0.0,0.0,101.67524271560518
2024-07-28,125.73685365773665,93.03777551947177,134.06992240606434,125.70616824322403,125.76931125169918,-12.568650271547092,-12.568650271547092,-12.568650271547092,-3.6076269897974327,-3.6076269897974327,-3.6076269897974327,-8.961023281749661,-8.961023281749661,-8.961023281749661,0.0,0.0,0.0,113.16820338618956
2024-08-04,125.90313468708709,110.33048092951742,149.29319962961114,125.87228501207676,125.93595946858429,3.745955769157319,3.745955769157319,3.745955769157319,-3.6076269897930064,-3.6076269897930064,-3.6076269897930064,7.353582758950325,7.353582758950325,7.353582758950325,0.0,0.0,0.0,129.6490904562444
2024-08-11,126.06941571643755,120.42623740533286,160.40669104162134,126.03818157608316,126.10260464418883,14.107426292970809,14.107426292970809,14.107426292970809,-3.6076269897504036,-3.6076269897504036,-3.6076269897504036,17.715053282721215,17.715053282721215,17.715053282721215,0.0,0.0,0.0,140.17684200940835
2024-08-18,126.23569674578798,119.29813434894977,158.67849140820655,126.20431919615572,126.26925590235452,12.751270826112517,12.751270826112517,12.751270826112517,-3.607626989745977,-3.607626989745977,-3.607626989745977,16.358897815858494,16.358897815858494,16.358897815858494,0.0,0.0,0.0,138.9869675719005
2024-08-25,126.40197777513842,108.24167148934038,149.7078716934638,126.37056084890949,126.43604671625384,3.087258691849014,3.087258691849014,3.087258691849014,-3.607626989791447,-3.607626989791447,-3.607626989791447,6.694885681640461,6.694885681640461,6.694885681640461,0.0,0.0,0.0,129.48923646698742
2024-09-01,126.56825880448888,99.69652282004319,140.5885726327621,126.53629769153046,126.60274786091065,-7.070799833708408,-7.070799833708408,-7.070799833708408,-3.607626989737122,-3.607626989737122,-3.607626989737122,-3.463172843971286,-3.463172843971286,-3.463172843971286,0.0,0.0,0.0,119.49745897078047
2024-09-08,126.73453983383932,95.60088423883455,134.71714358439846,126.70214120407567,126.76951451751995,-12.7488090954379,-12.7488090954379,-12.7488090954379,-3.6076269897444173,-3.6076269897444173,-3.6076269897444173,-9.141182105693483,-9.141182105693483,-9.141182105693483,0.0,0.0,0.0,113.98573073840141
2024-09-15,126.90082086318975,92.39766951520524,133.91123019271768,126.86792816454913,126.93624796732234,-14.126624122658756,-14.126624122658756,-14.126624122658756,-3.6076269897399906,-3.6076269897399906,-3.6076269897399906,-10.518997132918765,-10.518997132918765,-10.518997132918765,0.0,0.0,0.0,112.774196740531
2024-09-22,127.06710189254021,94.05807092013264,133.12641465607354,127.0336722703388,127.1030386605234,-13.576419176269745,-13.576419176269745,-13.576419176269745,-3.6076269897854605,-3.6076269897854605,-3.6076269897854605,-9.968792186484285,-9.968792186484285,-9.968792186484285,0.0,0.0,0.0,113.49068271627047
2024-09-29,127.23338292189065,94.78459931406573,135.1119561045056,127.19941637612845,127.26953345213414,-12.648396737090204,-12.648396737090204,-12.648396737090204,-3.607626989731137,-3.607626989731137,-3.607626989731137,-9.040769747359066,-9.040769747359066,-9.040769747359066,0.0,0.0,0.0,114.58498618480044
2024-10-06,127.3996639512411,94.09784673846885,135.1794317122349,127.36516407703999,127.4361134863365,-12.149855102742242,-12.149855102742242,-12.149855102742242,-3.607626989776607,-3.607626989776607,-3.607626989776607,-8.542228112965637,-8.542228112965637,-8.542228112965637,0.0,0.0,0.0,115.24980884849886
2024-10-13,127.56594498059155,93.39424347823599,134.7333402998383,127.53113414714788,127.60271349185177,-13.154685463132363,-13.154685463132363,-13.154685463132363,-3.60762698977218,-3.60762698977218,-3.60762698977218,-9.547058473360181,-9.547058473360181,-9.547058473360181,0.0,0.0,0.0,114.41125951745919
2024-10-20,127.732226009942,92.33427048666222,131.14363977464166,127.69698447873705,127.76944510062016,-16.04505318605144,-16.04505318605144,-16.04505318605144,-3.607626989729578,-3.607626989729578,-3.607626989729578,-12.437426196321864,-12.437426196321864,-12.437426196321864,0.0,0.0,0.0,111.68717282389056
2024-10-27,127.89850703929245,88.84538176628448,129.89787844994214,127.86273754736762,127.93612911676583,-18.882597489851463,-18.882597489851463,-18.882597489851463,-3.60762698972515,-3.60762698972515,-3.60762698972515,-15.27497050012631,-15.27497050012631,-15.27497050012631,0.0,0.0,0.0,109.01590954944099
2024-11-03,128.06478806864288,90.54691455879183,129.79205905642718,128.02837991706448,128.1028131329115,-18.597840422463726,-18.597840422463726,-18.597840422463726,-3.6076269897706217,-3.6076269897706217,-3.6076269897706217,-14.990213432693107,-14.990213432693107,-14.990213432693107,0.0,0.0,0.0,109.46694764617916
2024-11-10,128.23106909799333,93.47359459225486,133.6567682221443,128.1941784603786,128.26929315851623,-14.77869668044689,-14.77869668044689,-14.77869668044689,-3.6076269897162963,-3.6076269897162963,-3.6076269897162963,-11.171069690730596,-11.171069690730596,-11.171069690730596,0.0,0.0,0.0,113.45237241754644
2024-11-17,128.39735012734377,96.32188583194812,136.94268943463123,128.36007259166752,128.43592291743076,-11.27309582179791,-11.27309582179791,-11.27309582179791,-3.6076269897617665,-3.6076269897617665,-3.6076269897617665,-7.665468832036143,-7.665468832036143,-7.665468832036143,0.0,0.0,0.0,117.12425430554586
2024-11-24,128.5636311566942,95.44298596008466,137.22665347666103,128.52582714625012,128.60281815528379,-12.49232680355175,-12.49232680355175,-12.49232680355175,-3.6076269898072377,-3.6076269898072377,-3.6076269898072377,-8.884699813744513,-8.884699813744513,-8.884699813744513,0.0,0.0,0.0,116.07130435314247
2024-12-01,128.7299121860447,91.10258216772598,130.6071597274153,128.69183990698727,128.76939546603583,-18.03718107789404,-18.03718107789404,-18.03718107789404,-3.607626989752913,-3.607626989752913,-3.607626989752913,-14.429554088141126,-14.429554088141126,-14.429554088141126,0.0,0.0,0.0,110.69273110815064
2024-12-08,128.8961932153951,85.95246840296646,127.77486499067216,128.8578526677244,128.9361328275703,-22.315457119670015,-22.315457119670015,-22.315457119670015,-3.6076269897602082,-3.6076269897602082,-3.6076269897602082,-18.7078301299098,-18.7078301299098,-18.7078301299098,0.0,0.0,0.0,106.58073609572509
2024-12-15,129.06247424474554,88.37267693536012,128.61514358129688,129.0238774495442,129.10273448633188,-20.359034218097694,-20.359034218097694,-20.359034218097694,-3.6076269897557807,-3.6076269897557807,-3.6076269897557807,-16.751407228341918,-16.751407228341918,-16.751407228341918,0.0,0.0,0.0,108.70344002664785
2024-12-22,129.22875527409602,94.73874391821771,135.33571363922752,129.1899258572731,129.2693585637499,-13.331996892721003,-13.331996892721003,-13.331996892721003,-3.6076269898012514,-3.6076269898012514,-3.6076269898012514,-9.724369902919753,-9.724369902919753,-9.724369902919753,0.0,0.0,0.0,115.89675838137501
2024-12-29,129.39503630344646,102.45903485453907,142.18453477168586,129.35591057693773,129.43618554733,-7.161138892724975,-7.161138892724975,-7.161138892724975,-3.607626989708752,-3.607626989708752,-3.607626989708752,-3.5535119030162234,-3.5535119030162234,-3.5535119030162234,0.0,0.0,0.0,122.23389741072148
2025-01-05,129.5613173327969,105.12571208468715,143.47987370399895,129.5217923855219,129.6029618444444,-5.935273996996862,-5.935273996996862,-5.935273996996862,-3.6076269897542232,-3.6076269897542232,-3.6076269897542232,-2.327647007242639,-2.327647007242639,-2.327647007242639,0.0,0.0,0.0,123.62604333580003
2025-01-12,129.72759836214735,100.92677395091741,141.74485454380863,129.6877644818284,129.76965076894007,-8.076837399393304,-8.076837399393304,-8.076837399393304,-3.6076269897497943,-3.6076269897497943,-3.6076269897497943,-4.46921040964351,-4.46921040964351,-4.46921040964351,0.0,0.0,0.0,121.65076096275405
2025-01-19,129.8938793914978,99.12776635469685,140.25158812486094,129.85349854780435,129.93633969343577,-9.602041747692104,-9.602041747692104,-9.602041747692104,-3.607626989745367,-3.607626989745367,-3.607626989745367,-5.9944147579467355,-5.9944147579467355,-5.9944147579467355,0.0,0.0,0.0,120.29183764380569
2025-01-26,130.06016042084823,101.75914708015674,140.629176384122,130.0193194720389,130.10332398123745,-9.625530247040695,-9.625530247040695,-9.625530247040695,-3.6076269897409405,-3.6076269897409405,-3.6076269897409405,-6.017903257299755,-6.017903257299755,-6.017903257299755,0.0,0.0,0.0,120.43463017380753
2025-02-02,130.22644145019868,98.00080645947061,140.12902364232735,130.18519200665236,130.26997322560356,-10.501033280387924,-10.501033280387924,-10.501033280387924,-3.6076269897864104,-3.6076269897864104,-3.6076269897864104,-6.893406290601514,-6.893406290601514,-6.893406290601514,0.0,0.0,0.0,119.72540816981075
2025-02-09,130.39272247954912,98.71428488719131,138.74275492039823,130.3510410375289,130.43657752316187,-12.460238547558703,-12.460238547558703,-12.460238547558703,-3.6076269897320867,-3.6076269897320867,-3.6076269897320867,-8.852611557826615,-8.852611557826615,-8.852611557826615,0.0,0.0,0.0,117.93248393199042
2025-02-16,130.55900350889956,98.05446363438382,139.3864645358982,130.51697513729818,130.60318182072012,-10.66473898083721,-10.66473898083721,-10.66473898083721,-3.607626989739381,-3.607626989739381,-3.607626989739381,-7.057111991097829,-7.057111991097829,-7.057111991097829,0.0,0.0,0.0,119.89426452806235
2025-02-23,130.72528453825,110.69312443866457,151.33599947203965,130.6829560862273,130.76989323990898,-0.18592241011228924,-0.18592241011228924,-0.18592241011228924,-3.607626989734955,-3.607626989734955,-3.607626989734955,3.421704579622666,3.421704579622666,3.421704579622666,0.0,0.0,0.0,130.53936212813772
2025-03-02,130.89156556760045,126.73632045250177,166.9938107635831,130.8486831021865,130.93661199544195,16.18412487104869,16.18412487104869,16.18412487104869,-3.6076269897804245,-3.6076269897804245,-3.6076269897804245,19.791751860829116,19.791751860829116,19.791751860829116,0.0,0.0,0.0,147.07569043864913
2025-03-09,131.05784659695092,137.6937495472397,177.96780954970683,131.01453636292655,131.1033347814768,27.659995424813122,27.659995424813122,27.659995424813122,-3.6076269897261013,-3.6076269897261013,-3.6076269897261013,31.267622414539222,31.267622414539222,31.267622414539222,0.0,0.0,0.0,158.71784202176406
2025-03-16,131.22412762630137,136.72623151433345,177.40633901506737,131.18042883317372,131.27000446347347,25.198289084290806,25.198289084290806,25.198289084290806,-3.6076269897715703,-3.6076269897715703,-3.6076269897715703,28.805916074062374,28.805916074062374,28.805916074062374,0.0,0.0,0.0,156.4224167105922
2025-03-23,131.3904086556518,122.19367332597116,163.30293252359007,131.3463171215743,131.43681836638416,11.317930299778544,11.317930299778544,11.317930299778544,-3.607626989817042,-3.607626989817042,-3.607626989817042,14.925557289595586,14.925557289595586,14.925557289595586,0.0,0.0,0.0,142.70833895543035
2025-03-30,131.55668968500225,108.23801695115365,149.95990824850224,131.51228561096715,131.60360083709395,-1.4552215794961414,-1.4552215794961414,-1.4552215794961414,-3.607626989762717,-3.607626989762717,-3.607626989762717,2.1524054102665757,2.1524054102665757,2.1524054102665757,0.0,0.0,0.0,130.10146810550611
2025-04-06,131.7229707143527,109.67930418539572,150.24739471653703,131.67829917843275,131.77038295953946,-2.7115636576105366,-2.7115636576105366,-2.7115636576105366,-3.6076269897700115,-3.6076269897700115,-3.6076269897700115,0.8960633321594749,0.8960633321594749,0.8960633321594749,0.0,0.0,0.0,129.01140705674217
2025-04-13,131.88925174370317,119.62102665001663,158.72970505063645,131.84417007884704,131.937165081985,6.074065301372547,6.074065301372547,6.074065301372547,-3.6076269897655853,-3.6076269897655853,-3.6076269897655853,9.681692291138134,9.681692291138134,9.681692291138134,0.0,0.0,0.0,137.9633170450757
2025-04-20,132.05553277305359,126.00694095639759,167.46483378194955,132.00998314532967,132.10394720443054,14.553657612592778,14.553657612592778,14.553657612592778,-3.607626989761158,-3.607626989761158,-3.607626989761158,18.161284602353938,18.161284602353938,18.161284602353938,0.0,0.0,0.0,146.60919038564637
2025-04-27,132.22181380240403,128.2002647441199,166.60856648695227,132.17579769344374,132.27072932687605,15.287174629680827,15.287174629680827,15.287174629680827,-3.6076269897185558,-3.6076269897185558,-3.6076269897185558,18.894801619399384,18.894801619399384,18.894801619399384,0.0,0.0,0.0,147.50898843208486
2025-05-04,132.38809483175447,123.46056538687391,164.61006387036812,132.34159664962087,132.43750967891572,10.797773505724546,10.797773505724546,10.797773505724546,-3.6076269897640256,-3.6076269897640256,-3.6076269897640256,14.405400495488573,14.405400495488573,14.405400495488573,0.0,0.0,0.0,143.185868337479
2025-05-11,132.55437586110492,121.33192427170398,158.7933182313074,132.5074023754151,132.60429389816025,8.731377356315571,8.731377356315571,8.731377356315571,-3.6076269897595994,-3.6076269897595994,-3.6076269897595994,12.33900434607517,12.33900434607517,12.33900434607517,0.0,0.0,0.0,141.28575321742048
2025-05-18,132.72065689045536,123.32523561657526,163.88798333566535,132.6732035944187,132.7710789618869,12.037405054331986,12.037405054331986,12.037405054331986,-3.607626989755172,-3.607626989755172,-3.607626989755172,15.645032044087158,15.645032044087158,15.645032044087158,0.0,0.0,0.0,144.75806194478736
2025-05-25,132.8869379198058,129.19401232635488,168.3352662413155,132.83900481342232,132.9378490623614,16.05720196846807,16.05720196846807,16.05720196846807,-3.6076269897507447,-3.6076269897507447,-3.6076269897507447,19.664828958218816,19.664828958218816,19.664828958218816,0.0,0.0,0.0,148.94413988827387
2025-06-01,133.05321894915627,126.43206168444068,167.89339098045616,133.0049168814659,133.10466491424822,15.040394380065088,15.040394380065088,15.040394380065088,-3.6076269897962154,-3.6076269897962154,-3.6076269897962154,18.648021369861304,18.648021369861304,18.648021369861304,0.0,0.0,0.0,148.09361332922137
2025-06-08,133.21949997850672,122.39316321278113,162.6872969240163,133.17076924057258,133.27159259770067,9.100233839420802,9.100233839420802,9.100233839420802,-3.6076269897418913,-3.6076269897418913,-3.6076269897418913,12.707860829162692,12.707860829162692,12.707860829162692,0.0,0.0,0.0,142.31973381792753
2025-06-15,133.38578100785716,116.38751062263277,156.97130796922505,133.33643094263064,133.43878392969032,3.008552126274661,3.008552126274661,3.008552126274661,-3.607626989749186,-3.607626989749186,-3.607626989749186,6.616179116023846,6.616179116023846,6.616179116023846,0.0,0.0,0.0,136.3943331341318
2025-06-22,133.5520620372076,113.6386959715388,153.56723907256523,133.5022543045396,133.60548087617147,-0.776435688715953,-0.776435688715953,-0.776435688715953,-3.6076269897447584,-3.6076269897447584,-3.6076269897447584,2.8311913010288055,2.8311913010288055,2.8311913010288055,0.0,0.0,0.0,132.77562634849164
2025-06-29,133.71834306655805,109.17164094990443,148.42125596603395,133.66815489404195,133.772308100478,-5.172621792024565,-5.172621792024565,-5.172621792024565,-3.6076269897403317,-3.6076269897403317,-3.6076269897403317,-1.5649948022842333,-1.5649948022842333,-1.5649948022842333,0.0,0.0,0.0,128.5457212745335
2025-07-06,133.88462409590846,99.65708081478455,139.71593585448497,133.83388493792754,133.93890102072598,-13.418534788546637,-13.418534788546637,-13.418534788546637,-3.607626989735905,-3.607626989735905,-3.607626989735905,-9.810907798810732,-9.810907798810732,-9.810907798810732,0.0,0.0,0.0,120.46608930736183
2025-07-13,134.05090512525894,89.85350104166473,130.55496947271592,133.9998585174011,134.10548187798923,-22.59716851774436,-22.59716851774436,-22.59716851774436,-3.6076269897431996,-3.6076269897431996,-3.6076269897431996,-18.989541528001165,-18.989541528001165,-18.989541528001165,0.0,0.0,0.0,111.45373660751457
2025-07-20,134.21718615460938,87.26262402826747,128.5553717669291,134.16585653989182,134.2722985465703,-24.744068938666103,-24.744068938666103,-24.744068938666103,-3.6076269897886704,-3.6076269897886704,-3.6076269897886704,-21.136441948877433,-21.136441948877433,-21.136441948877433,0.0,0.0,0.0,109.47311721594328
2025-07-27,134.38346718395982,97.15733557312481,139.76056769879338,134.33169693940113,134.4389490013712,-15.257017783998917,-15.257017783998917,-15.257017783998917,-3.607626989734346,-3.607626989734346,-3.607626989734346,-11.64939079426457,-11.64939079426457,-11.64939079426457,0.0,0.0,0.0,119.1264493999609
2025-08-03,134.54974821331027,115.62181062643477,155.16792272274094,134.49752914381193,134.6055908792222,0.9712107444301358,0.9712107444301358,0.9712107444301358,-3.607626989779816,-3.607626989779816,-3.607626989779816,4.5788377342099515,4.5788377342099515,4.5788377342099515,0.0,0.0,0.0,135.5209589577404
2025-08-10,134.7160292426607,126.69876755616231,169.13155642364904,134.66311580069544,134.77226209357178,13.074338806049406,13.074338806049406,13.074338806049406,-3.6076269897753894,-3.6076269897753894,-3.6076269897753894,16.681965795824794,16.681965795824794,16.681965795824794,0.0,0.0,0.0,147.79036804871012
2025-08-17,134.88231027201118,130.651289556969,169.46440155722195,134.8287588335607,134.9389321396772,13.80416318301793,13.80416318301793,13.80416318301793,-3.6076269897709623,-3.6076269897709623,-3.6076269897709623,17.411790172788894,17.411790172788894,17.411790172788894,0.0,0.0,0.0,148.6864734550291
2025-08-24,135.04859130136163,120.28635183772009,159.37347240579706,134.99445940758875,135.10569507786713,5.071370614913417,5.071370614913417,5.071370614913417,-3.607626989728359,-3.607626989728359,-3.607626989728359,8.678997604641777,8.678997604641777,8.678997604641777,0.0,0.0,0.0,140.11996191627503
2025-08-31,135.21487233071207,111.33645918949706,150.4650775007736,135.16026761696085,135.27278117626756,-5.515356579898475,-5.515356579898475,-5.515356579898475,-3.60762698977383,-3.60762698977383,-3.60762698977383,-1.907729590124645,-1.907729590124645,-1.907729590124645,0.0,0.0,0.0,129.6995157508136
2025-09-07,135.3811533600625,102.95141844845789,146.11712256755715,135.32645454735558,135.43987215460004,-12.108559056257397,-12.108559056257397,-12.108559056257397,-3.6076269897195057,-3.6076269897195057,-3.6076269897195057,-8.500932066537892,-8.500932066537892,-8.500932066537892,0.0,0.0,0.0,123.27259430380512
2025-09-14,135.54743438941293,101.25604715366786,141.68546482225452,135.4924059226741,135.6070129739824,-14.08888023705828,-14.08888023705828,-14.08888023705828,-3.607626989764977,-3.607626989764977,-3.607626989764977,-10.481253247293303,-10.481253247293303,-10.481253247293303,0.0,0.0,0.0,121.45855415235465
2025-09-21,135.71371541876337,102.05265602640762,142.21592749732267,135.6581983309633,135.77415379336475,-13.729317741344149,-13.729317741344149,-13.729317741344149,-3.6076269897605484,-3.6076269897605484,-3.6076269897605484,-10.121690751583598,-10.121690751583598,-10.121690751583598,0.0,0.0,0.0,121.98439767741922
2025-09-28,135.87999644811384,102.80297046094049,143.4874734143166,135.8239662492207,135.94129461274704,-12.807169987662295,-12.807169987662295,-12.807169987662295,-3.60762698980602,-3.60762698980602,-3.60762698980602,-9.199542997856277,-9.199542997856277,-9.199542997856277,0.0,0.0,0.0,123.07282646045155
